"escola","estudante","mes","desempenho","ativ","texp"
"1","1",1,35.4000015258789,"não",2
"1","1",2,44.4000015258789,"não",2
"1","1",3,46.4000015258789,"não",2
"1","1",4,52.4000015258789,"não",2
"1","2",1,74.9000015258789,"não",2
"1","2",2,75.9000015258789,"não",2
"1","2",3,77.9000015258789,"não",2
"1","2",4,79.9000015258789,"não",2
"1","3",1,86.6999969482422,"sim",2
"1","3",2,91.6999969482422,"sim",2
"1","3",3,97.6999969482422,"sim",2
"1","3",4,100,"sim",2
"1","4",1,53.7000007629395,"sim",2
"1","4",2,54.7000007629395,"sim",2
"1","4",3,54.7000007629395,"sim",2
"1","4",4,56.7000007629395,"sim",2
"1","5",1,79.6999969482422,"sim",2
"1","5",2,86.6999969482422,"sim",2
"1","5",3,91.6999969482422,"sim",2
"1","5",4,99.6999969482422,"sim",2
"1","6",1,41.7000007629395,"sim",2
"1","6",2,50.7000007629395,"sim",2
"1","6",3,56.7000007629395,"sim",2
"1","6",4,60.7000007629395,"sim",2
"1","7",1,10.5,"não",2
"1","7",2,11.5,"não",2
"1","7",3,17.5,"não",2
"1","7",4,22.5,"não",2
"1","8",1,30.1000003814697,"sim",2
"1","8",2,32.0999984741211,"sim",2
"1","8",3,33.0999984741211,"sim",2
"1","8",4,37.0999984741211,"sim",2
"1","9",1,22.8999996185303,"não",2
"1","9",2,29.8999996185303,"não",2
"1","9",3,36.9000015258789,"não",2
"1","9",4,42.9000015258789,"não",2
"1","10",1,90.0999984741211,"sim",2
"1","10",2,99.0999984741211,"sim",2
"1","10",3,100,"sim",2
"1","10",4,100,"sim",2
"1","11",1,45.7000007629395,"não",2
"1","11",2,47.7000007629395,"não",2
"1","11",3,48.7000007629395,"não",2
"1","11",4,57.7000007629395,"não",2
"1","12",1,64.5,"não",2
"1","12",2,73.5,"não",2
"1","12",3,77.5,"não",2
"1","12",4,81.5,"não",2
"1","13",1,89.0999984741211,"sim",2
"1","13",2,93.0999984741211,"sim",2
"1","13",3,99.0999984741211,"sim",2
"1","13",4,100,"sim",2
"1","14",1,76.1999969482422,"não",2
"1","14",2,84.1999969482422,"não",2
"1","14",3,85.1999969482422,"não",2
"1","14",4,85.1999969482422,"não",2
"1","15",1,86.6999969482422,"sim",2
"1","15",2,95.6999969482422,"sim",2
"1","15",3,98.6999969482422,"sim",2
"1","15",4,100,"sim",2
"1","16",1,77.1999969482422,"não",2
"1","16",2,80.1999969482422,"não",2
"1","16",3,81.1999969482422,"não",2
"1","16",4,82.1999969482422,"não",2
"1","17",1,83.8000030517578,"sim",2
"1","17",2,86.8000030517578,"sim",2
"1","17",3,86.8000030517578,"sim",2
"1","17",4,86.8000030517578,"sim",2
"1","18",1,40.4000015258789,"sim",2
"1","18",2,40.4000015258789,"sim",2
"1","18",3,47.4000015258789,"sim",2
"1","18",4,57.4000015258789,"sim",2
"1","19",1,26.8999996185303,"não",2
"1","19",2,31.8999996185303,"não",2
"1","19",3,31.8999996185303,"não",2
"1","19",4,39.9000015258789,"não",2
"1","20",1,75.5,"sim",2
"1","20",2,76.5,"sim",2
"1","20",3,78.5,"sim",2
"1","20",4,81.5,"sim",2
"1","21",1,57.5999984741211,"não",2
"1","21",2,60.5999984741211,"não",2
"1","21",3,66.5999984741211,"não",2
"1","21",4,75.5999984741211,"não",2
"1","22",1,37.2999992370605,"não",2
"1","22",2,44.2999992370605,"não",2
"1","22",3,53.2999992370605,"não",2
"1","22",4,55.2999992370605,"não",2
"1","23",1,46.2000007629395,"não",2
"1","23",2,53.2000007629395,"não",2
"1","23",3,53.2000007629395,"não",2
"1","23",4,55.2000007629395,"não",2
"1","24",1,37.5999984741211,"sim",2
"1","24",2,40.5999984741211,"sim",2
"1","24",3,43.5999984741211,"sim",2
"1","24",4,47.5999984741211,"sim",2
"1","25",1,32.2000007629395,"não",2
"1","25",2,34.2000007629395,"não",2
"1","25",3,40.2000007629395,"não",2
"1","25",4,50.2000007629395,"não",2
"1","26",1,90.5999984741211,"sim",2
"1","26",2,91.5999984741211,"sim",2
"1","26",3,93.5999984741211,"sim",2
"1","26",4,93.5999984741211,"sim",2
"1","27",1,33.2999992370605,"não",2
"1","27",2,34.2999992370605,"não",2
"1","27",3,43.2999992370605,"não",2
"1","27",4,51.2999992370605,"não",2
"1","28",1,36.9000015258789,"não",2
"1","28",2,45.9000015258789,"não",2
"1","28",3,49.9000015258789,"não",2
"1","28",4,49.9000015258789,"não",2
"1","29",1,38.0999984741211,"não",2
"1","29",2,48.0999984741211,"não",2
"1","29",3,49.0999984741211,"não",2
"1","29",4,57.0999984741211,"não",2
"1","30",1,45,"não",2
"1","30",2,52,"não",2
"1","30",3,61,"não",2
"1","30",4,67,"não",2
"1","31",1,29.2999992370605,"não",2
"1","31",2,39.2999992370605,"não",2
"1","31",3,39.2999992370605,"não",2
"1","31",4,49.2999992370605,"não",2
"1","32",1,21,"não",2
"1","32",2,31,"não",2
"1","32",3,40,"não",2
"1","32",4,42,"não",2
"1","33",1,51.5999984741211,"não",2
"1","33",2,61.5999984741211,"não",2
"1","33",3,66.5999984741211,"não",2
"1","33",4,69.5999984741211,"não",2
"1","34",1,56.5,"não",2
"1","34",2,60.5,"não",2
"1","34",3,70.5,"não",2
"1","34",4,76.5,"não",2
"1","35",1,58.7000007629395,"sim",2
"1","35",2,65.6999969482422,"sim",2
"1","35",3,72.6999969482422,"sim",2
"1","35",4,75.6999969482422,"sim",2
"1","36",1,31.1000003814697,"sim",2
"1","36",2,39.0999984741211,"sim",2
"1","36",3,44.0999984741211,"sim",2
"1","36",4,46.0999984741211,"sim",2
"1","37",1,52.2999992370605,"sim",2
"1","37",2,57.2999992370605,"sim",2
"1","37",3,60.2999992370605,"sim",2
"1","37",4,60.2999992370605,"sim",2
"1","38",1,23.7999992370605,"sim",2
"1","38",2,32.7999992370605,"sim",2
"1","38",3,37.7999992370605,"sim",2
"1","38",4,46.7999992370605,"sim",2
"1","39",1,24.5,"não",2
"1","39",2,27.5,"não",2
"1","39",3,28.5,"não",2
"1","39",4,34.5,"não",2
"1","40",1,47.7999992370605,"sim",2
"1","40",2,48.7999992370605,"sim",2
"1","40",3,49.7999992370605,"sim",2
"1","40",4,59.7999992370605,"sim",2
"1","41",1,28.8999996185303,"sim",2
"1","41",2,34.9000015258789,"sim",2
"1","41",3,43.9000015258789,"sim",2
"1","41",4,51.9000015258789,"sim",2
"1","42",1,25.3999996185303,"não",2
"1","42",2,30.3999996185303,"não",2
"1","42",3,36.4000015258789,"não",2
"1","42",4,38.4000015258789,"não",2
"1","43",1,65.3000030517578,"não",2
"1","43",2,71.3000030517578,"não",2
"1","43",3,75.3000030517578,"não",2
"1","43",4,85.3000030517578,"não",2
"1","44",1,36.0999984741211,"não",2
"1","44",2,36.0999984741211,"não",2
"1","44",3,44.0999984741211,"não",2
"1","44",4,45.0999984741211,"não",2
"1","45",1,86,"não",2
"1","45",2,91,"não",2
"1","45",3,100,"não",2
"1","45",4,100,"não",2
"1","46",1,58.7000007629395,"não",2
"1","46",2,60.7000007629395,"não",2
"1","46",3,70.6999969482422,"não",2
"1","46",4,76.6999969482422,"não",2
"1","47",1,24.7999992370605,"não",2
"1","47",2,28.7999992370605,"não",2
"1","47",3,29.7999992370605,"não",2
"1","47",4,32.7999992370605,"não",2
"2","48",1,41,"não",2
"2","48",2,51,"não",2
"2","48",3,51,"não",2
"2","48",4,58,"não",2
"2","49",1,57.5999984741211,"sim",2
"2","49",2,64.5999984741211,"sim",2
"2","49",3,70.5999984741211,"sim",2
"2","49",4,75.5999984741211,"sim",2
"2","50",1,73.4000015258789,"sim",2
"2","50",2,75.4000015258789,"sim",2
"2","50",3,78.4000015258789,"sim",2
"2","50",4,80.4000015258789,"sim",2
"2","51",1,84.0999984741211,"não",2
"2","51",2,94.0999984741211,"não",2
"2","51",3,100,"não",2
"2","51",4,100,"não",2
"2","52",1,49.0999984741211,"não",2
"2","52",2,49.0999984741211,"não",2
"2","52",3,53.0999984741211,"não",2
"2","52",4,63.0999984741211,"não",2
"2","53",1,57.2999992370605,"não",2
"2","53",2,64.3000030517578,"não",2
"2","53",3,74.3000030517578,"não",2
"2","53",4,77.3000030517578,"não",2
"2","54",1,80.5999984741211,"sim",2
"2","54",2,89.5999984741211,"sim",2
"2","54",3,95.5999984741211,"sim",2
"2","54",4,100,"sim",2
"2","55",1,44.4000015258789,"sim",2
"2","55",2,53.4000015258789,"sim",2
"2","55",3,59.4000015258789,"sim",2
"2","55",4,68.4000015258789,"sim",2
"2","56",1,49.7999992370605,"sim",2
"2","56",2,52.7999992370605,"sim",2
"2","56",3,54.7999992370605,"sim",2
"2","56",4,55.7999992370605,"sim",2
"2","57",1,82.3000030517578,"sim",2
"2","57",2,83.3000030517578,"sim",2
"2","57",3,84.3000030517578,"sim",2
"2","57",4,86.3000030517578,"sim",2
"2","58",1,33.0999984741211,"sim",2
"2","58",2,43.0999984741211,"sim",2
"2","58",3,46.0999984741211,"sim",2
"2","58",4,52.0999984741211,"sim",2
"2","59",1,28.7000007629395,"não",2
"2","59",2,29.7000007629395,"não",2
"2","59",3,38.7000007629395,"não",2
"2","59",4,45.7000007629395,"não",2
"2","60",1,76.1999969482422,"não",2
"2","60",2,83.1999969482422,"não",2
"2","60",3,91.1999969482422,"não",2
"2","60",4,91.1999969482422,"não",2
"2","61",1,49.4000015258789,"não",2
"2","61",2,51.4000015258789,"não",2
"2","61",3,55.4000015258789,"não",2
"2","61",4,65.4000015258789,"não",2
"2","62",1,26.1000003814697,"não",2
"2","62",2,27.1000003814697,"não",2
"2","62",3,34.0999984741211,"não",2
"2","62",4,38.0999984741211,"não",2
"2","63",1,79.4000015258789,"não",2
"2","63",2,85.4000015258789,"não",2
"2","63",3,93.4000015258789,"não",2
"2","63",4,97.4000015258789,"não",2
"2","64",1,84.4000015258789,"sim",2
"2","64",2,93.4000015258789,"sim",2
"2","64",3,95.4000015258789,"sim",2
"2","64",4,99.4000015258789,"sim",2
"2","65",1,71.1999969482422,"não",2
"2","65",2,74.1999969482422,"não",2
"2","65",3,77.1999969482422,"não",2
"2","65",4,84.1999969482422,"não",2
"2","66",1,77.6999969482422,"não",2
"2","66",2,83.6999969482422,"não",2
"2","66",3,88.6999969482422,"não",2
"2","66",4,89.6999969482422,"não",2
"2","67",1,89.8000030517578,"sim",2
"2","67",2,96.8000030517578,"sim",2
"2","67",3,100,"sim",2
"2","67",4,100,"sim",2
"2","68",1,50.0999984741211,"sim",2
"2","68",2,56.0999984741211,"sim",2
"2","68",3,62.0999984741211,"sim",2
"2","68",4,69.0999984741211,"sim",2
"2","69",1,81.1999969482422,"sim",2
"2","69",2,88.1999969482422,"sim",2
"2","69",3,94.1999969482422,"sim",2
"2","69",4,96.1999969482422,"sim",2
"2","70",1,41.7999992370605,"sim",2
"2","70",2,46.7999992370605,"sim",2
"2","70",3,48.7999992370605,"sim",2
"2","70",4,50.7999992370605,"sim",2
"2","71",1,96,"sim",2
"2","71",2,100,"sim",2
"2","71",3,100,"sim",2
"2","71",4,100,"sim",2
"2","72",1,65.1999969482422,"sim",2
"2","72",2,74.1999969482422,"sim",2
"2","72",3,83.1999969482422,"sim",2
"2","72",4,86.1999969482422,"sim",2
"3","73",1,54.7999992370605,"não",2
"3","73",2,61.7999992370605,"não",2
"3","73",3,71.8000030517578,"não",2
"3","73",4,72.8000030517578,"não",2
"3","74",1,30.7999992370605,"sim",2
"3","74",2,37.7999992370605,"sim",2
"3","74",3,41.7999992370605,"sim",2
"3","74",4,44.7999992370605,"sim",2
"3","75",1,32.7999992370605,"não",2
"3","75",2,34.7999992370605,"não",2
"3","75",3,37.7999992370605,"não",2
"3","75",4,47.7999992370605,"não",2
"3","76",1,94.8000030517578,"sim",2
"3","76",2,100,"sim",2
"3","76",3,100,"sim",2
"3","76",4,100,"sim",2
"3","77",1,42.2000007629395,"não",2
"3","77",2,51.2000007629395,"não",2
"3","77",3,56.2000007629395,"não",2
"3","77",4,66.1999969482422,"não",2
"3","78",1,36.4000015258789,"não",2
"3","78",2,38.4000015258789,"não",2
"3","78",3,43.4000015258789,"não",2
"3","78",4,48.4000015258789,"não",2
"3","79",1,22.3999996185303,"não",2
"3","79",2,22.3999996185303,"não",2
"3","79",3,28.3999996185303,"não",2
"3","79",4,31.3999996185303,"não",2
"3","80",1,35.2999992370605,"sim",2
"3","80",2,37.2999992370605,"sim",2
"3","80",3,45.2999992370605,"sim",2
"3","80",4,52.2999992370605,"sim",2
"3","81",1,37.9000015258789,"não",2
"3","81",2,37.9000015258789,"não",2
"3","81",3,46.9000015258789,"não",2
"3","81",4,49.9000015258789,"não",2
"3","82",1,36.4000015258789,"não",2
"3","82",2,36.4000015258789,"não",2
"3","82",3,41.4000015258789,"não",2
"3","82",4,44.4000015258789,"não",2
"3","83",1,28.2999992370605,"não",2
"3","83",2,31.2999992370605,"não",2
"3","83",3,37.2999992370605,"não",2
"3","83",4,45.2999992370605,"não",2
"3","84",1,92,"sim",2
"3","84",2,98,"sim",2
"3","84",3,100,"sim",2
"3","84",4,100,"sim",2
"3","85",1,24.7000007629395,"sim",2
"3","85",2,26.7000007629395,"sim",2
"3","85",3,30.7000007629395,"sim",2
"3","85",4,37.7000007629395,"sim",2
"3","86",1,18.5,"não",2
"3","86",2,28.5,"não",2
"3","86",3,36.5,"não",2
"3","86",4,42.5,"não",2
"3","87",1,33.5,"não",2
"3","87",2,39.5,"não",2
"3","87",3,49.5,"não",2
"3","87",4,54.5,"não",2
"3","88",1,28.7999992370605,"não",2
"3","88",2,31.7999992370605,"não",2
"3","88",3,34.7999992370605,"não",2
"3","88",4,35.7999992370605,"não",2
"3","89",1,50.5,"não",2
"3","89",2,54.5,"não",2
"3","89",3,61.5,"não",2
"3","89",4,63.5,"não",2
"3","90",1,35.7000007629395,"não",2
"3","90",2,37.7000007629395,"não",2
"3","90",3,37.7000007629395,"não",2
"3","90",4,42.7000007629395,"não",2
"3","91",1,36.5999984741211,"sim",2
"3","91",2,42.5999984741211,"sim",2
"3","91",3,50.5999984741211,"sim",2
"3","91",4,55.5999984741211,"sim",2
"3","92",1,39.4000015258789,"não",2
"3","92",2,47.4000015258789,"não",2
"3","92",3,47.4000015258789,"não",2
"3","92",4,55.4000015258789,"não",2
"3","93",1,54,"sim",2
"3","93",2,63,"sim",2
"3","93",3,63,"sim",2
"3","93",4,68,"sim",2
"3","94",1,53.5999984741211,"sim",2
"3","94",2,57.5999984741211,"sim",2
"3","94",3,65.5999984741211,"sim",2
"3","94",4,75.5999984741211,"sim",2
"3","95",1,53.4000015258789,"não",2
"3","95",2,61.4000015258789,"não",2
"3","95",3,65.4000015258789,"não",2
"3","95",4,69.4000015258789,"não",2
"3","96",1,37.2999992370605,"sim",2
"3","96",2,44.2999992370605,"sim",2
"3","96",3,53.2999992370605,"sim",2
"3","96",4,56.2999992370605,"sim",2
"3","97",1,38.0999984741211,"não",2
"3","97",2,38.0999984741211,"não",2
"3","97",3,48.0999984741211,"não",2
"3","97",4,50.0999984741211,"não",2
"3","98",1,27.8999996185303,"não",2
"3","98",2,36.9000015258789,"não",2
"3","98",3,42.9000015258789,"não",2
"3","98",4,42.9000015258789,"não",2
"3","99",1,36.7000007629395,"não",2
"3","99",2,41.7000007629395,"não",2
"3","99",3,43.7000007629395,"não",2
"3","99",4,48.7000007629395,"não",2
"3","100",1,61.7000007629395,"sim",2
"3","100",2,61.7000007629395,"sim",2
"3","100",3,65.6999969482422,"sim",2
"3","100",4,70.6999969482422,"sim",2
"3","101",1,41.7000007629395,"não",2
"3","101",2,51.7000007629395,"não",2
"3","101",3,52.7000007629395,"não",2
"3","101",4,62.7000007629395,"não",2
"3","102",1,75.1999969482422,"não",2
"3","102",2,83.1999969482422,"não",2
"3","102",3,90.1999969482422,"não",2
"3","102",4,98.1999969482422,"não",2
"3","103",1,59.2999992370605,"não",2
"3","103",2,63.2999992370605,"não",2
"3","103",3,70.3000030517578,"não",2
"3","103",4,72.3000030517578,"não",2
"3","104",1,21.8999996185303,"não",2
"3","104",2,28.8999996185303,"não",2
"3","104",3,28.8999996185303,"não",2
"3","104",4,35.9000015258789,"não",2
"3","105",1,15.3999996185303,"não",2
"3","105",2,24.3999996185303,"não",2
"3","105",3,27.3999996185303,"não",2
"3","105",4,30.3999996185303,"não",2
"3","106",1,59.5999984741211,"sim",2
"3","106",2,68.5999984741211,"sim",2
"3","106",3,70.5999984741211,"sim",2
"3","106",4,70.5999984741211,"sim",2
"3","107",1,37.9000015258789,"não",2
"3","107",2,43.9000015258789,"não",2
"3","107",3,43.9000015258789,"não",2
"3","107",4,53.9000015258789,"não",2
"3","108",1,45.5999984741211,"não",2
"3","108",2,52.5999984741211,"não",2
"3","108",3,57.5999984741211,"não",2
"3","108",4,60.5999984741211,"não",2
"3","109",1,45.7000007629395,"sim",2
"3","109",2,52.7000007629395,"sim",2
"3","109",3,57.7000007629395,"sim",2
"3","109",4,65.6999969482422,"sim",2
"3","110",1,32.2000007629395,"não",2
"3","110",2,35.2000007629395,"não",2
"3","110",3,44.2000007629395,"não",2
"3","110",4,54.2000007629395,"não",2
"3","111",1,59.7000007629395,"não",2
"3","111",2,66.6999969482422,"não",2
"3","111",3,74.6999969482422,"não",2
"3","111",4,84.6999969482422,"não",2
"3","112",1,47.4000015258789,"sim",2
"3","112",2,53.4000015258789,"sim",2
"3","112",3,60.4000015258789,"sim",2
"3","112",4,70.4000015258789,"sim",2
"3","113",1,60.0999984741211,"sim",2
"3","113",2,69.0999984741211,"sim",2
"3","113",3,72.0999984741211,"sim",2
"3","113",4,79.0999984741211,"sim",2
"3","114",1,38.9000015258789,"não",2
"3","114",2,43.9000015258789,"não",2
"3","114",3,53.9000015258789,"não",2
"3","114",4,60.9000015258789,"não",2
"3","115",1,64.9000015258789,"sim",2
"3","115",2,65.9000015258789,"sim",2
"3","115",3,65.9000015258789,"sim",2
"3","115",4,72.9000015258789,"sim",2
"3","116",1,44.4000015258789,"sim",2
"3","116",2,52.4000015258789,"sim",2
"3","116",3,62.4000015258789,"sim",2
"3","116",4,64.4000015258789,"sim",2
"3","117",1,39.5999984741211,"não",2
"3","117",2,46.5999984741211,"não",2
"3","117",3,49.5999984741211,"não",2
"3","117",4,50.5999984741211,"não",2
"3","118",1,38.9000015258789,"não",2
"3","118",2,45.9000015258789,"não",2
"3","118",3,47.9000015258789,"não",2
"3","118",4,52.9000015258789,"não",2
"3","119",1,47.2000007629395,"não",2
"3","119",2,56.2000007629395,"não",2
"3","119",3,60.2000007629395,"não",2
"3","119",4,67.1999969482422,"não",2
"3","120",1,59.2000007629395,"sim",2
"3","120",2,59.2000007629395,"sim",2
"3","120",3,69.1999969482422,"sim",2
"3","120",4,78.1999969482422,"sim",2
"4","121",1,66.4000015258789,"sim",9
"4","121",2,66.4000015258789,"sim",9
"4","121",3,74.4000015258789,"sim",9
"4","121",4,79.4000015258789,"sim",9
"4","122",1,68.4000015258789,"sim",9
"4","122",2,77.4000015258789,"sim",9
"4","122",3,81.4000015258789,"sim",9
"4","122",4,86.4000015258789,"sim",9
"4","123",1,67.9000015258789,"sim",9
"4","123",2,75.9000015258789,"sim",9
"4","123",3,85.9000015258789,"sim",9
"4","123",4,94.9000015258789,"sim",9
"4","124",1,68.5,"sim",9
"4","124",2,69.5,"sim",9
"4","124",3,72.5,"sim",9
"4","124",4,76.5,"sim",9
"4","125",1,95.5,"sim",9
"4","125",2,100,"sim",9
"4","125",3,100,"sim",9
"4","125",4,100,"sim",9
"4","126",1,54.7999992370605,"sim",9
"4","126",2,57.7999992370605,"sim",9
"4","126",3,61.7999992370605,"sim",9
"4","126",4,64.8000030517578,"sim",9
"4","127",1,96.5999984741211,"sim",9
"4","127",2,100,"sim",9
"4","127",3,100,"sim",9
"4","127",4,100,"sim",9
"4","128",1,74.3000030517578,"sim",9
"4","128",2,80.3000030517578,"sim",9
"4","128",3,86.3000030517578,"sim",9
"4","128",4,93.3000030517578,"sim",9
"4","129",1,74.4000015258789,"sim",9
"4","129",2,80.4000015258789,"sim",9
"4","129",3,81.4000015258789,"sim",9
"4","129",4,90.4000015258789,"sim",9
"4","130",1,100,"sim",9
"4","130",2,100,"sim",9
"4","130",3,100,"sim",9
"4","130",4,100,"sim",9
"4","131",1,73.3000030517578,"sim",9
"4","131",2,78.3000030517578,"sim",9
"4","131",3,87.3000030517578,"sim",9
"4","131",4,97.3000030517578,"sim",9
"4","132",1,75,"sim",9
"4","132",2,78,"sim",9
"4","132",3,78,"sim",9
"4","132",4,78,"sim",9
"4","133",1,58.7000007629395,"sim",9
"4","133",2,68.6999969482422,"sim",9
"4","133",3,73.6999969482422,"sim",9
"4","133",4,76.6999969482422,"sim",9
"4","134",1,78.9000015258789,"sim",9
"4","134",2,79.9000015258789,"sim",9
"4","134",3,86.9000015258789,"sim",9
"4","134",4,92.9000015258789,"sim",9
"4","135",1,88.9000015258789,"sim",9
"4","135",2,97.9000015258789,"sim",9
"4","135",3,97.9000015258789,"sim",9
"4","135",4,100,"sim",9
"4","136",1,47.0999984741211,"sim",9
"4","136",2,53.0999984741211,"sim",9
"4","136",3,62.0999984741211,"sim",9
"4","136",4,67.0999984741211,"sim",9
"4","137",1,35.7999992370605,"sim",9
"4","137",2,37.7999992370605,"sim",9
"4","137",3,41.7999992370605,"sim",9
"4","137",4,46.7999992370605,"sim",9
"4","138",1,92.5999984741211,"sim",9
"4","138",2,100,"sim",9
"4","138",3,100,"sim",9
"4","138",4,100,"sim",9
"4","139",1,90,"sim",9
"4","139",2,97,"sim",9
"4","139",3,100,"sim",9
"4","139",4,100,"sim",9
"4","140",1,93.4000015258789,"sim",9
"4","140",2,93.4000015258789,"sim",9
"4","140",3,93.4000015258789,"sim",9
"4","140",4,100,"sim",9
"5","141",1,55.2999992370605,"não",9
"5","141",2,63.2999992370605,"não",9
"5","141",3,64.3000030517578,"não",9
"5","141",4,64.3000030517578,"não",9
"5","142",1,44.2000007629395,"não",9
"5","142",2,44.2000007629395,"não",9
"5","142",3,45.2000007629395,"não",9
"5","142",4,52.2000007629395,"não",9
"5","143",1,32.2000007629395,"não",9
"5","143",2,41.2000007629395,"não",9
"5","143",3,51.2000007629395,"não",9
"5","143",4,51.2000007629395,"não",9
"5","144",1,79.6999969482422,"não",9
"5","144",2,87.6999969482422,"não",9
"5","144",3,93.6999969482422,"não",9
"5","144",4,100,"não",9
"5","145",1,77.9000015258789,"não",9
"5","145",2,86.9000015258789,"não",9
"5","145",3,92.9000015258789,"não",9
"5","145",4,94.9000015258789,"não",9
"5","146",1,71.0999984741211,"não",9
"5","146",2,78.0999984741211,"não",9
"5","146",3,86.0999984741211,"não",9
"5","146",4,96.0999984741211,"não",9
"5","147",1,60.7000007629395,"não",9
"5","147",2,69.6999969482422,"não",9
"5","147",3,79.6999969482422,"não",9
"5","147",4,84.6999969482422,"não",9
"5","148",1,50.7999992370605,"não",9
"5","148",2,58.7999992370605,"não",9
"5","148",3,68.8000030517578,"não",9
"5","148",4,78.8000030517578,"não",9
"5","149",1,48.5999984741211,"não",9
"5","149",2,58.5999984741211,"não",9
"5","149",3,67.5999984741211,"não",9
"5","149",4,70.5999984741211,"não",9
"5","150",1,49.9000015258789,"não",9
"5","150",2,55.9000015258789,"não",9
"5","150",3,57.9000015258789,"não",9
"5","150",4,66.9000015258789,"não",9
"5","151",1,79.6999969482422,"não",9
"5","151",2,85.6999969482422,"não",9
"5","151",3,88.6999969482422,"não",9
"5","151",4,94.6999969482422,"não",9
"5","152",1,85.3000030517578,"não",9
"5","152",2,90.3000030517578,"não",9
"5","152",3,99.3000030517578,"não",9
"5","152",4,100,"não",9
"5","153",1,53.7000007629395,"não",9
"5","153",2,58.7000007629395,"não",9
"5","153",3,62.7000007629395,"não",9
"5","153",4,63.7000007629395,"não",9
"5","154",1,45,"não",9
"5","154",2,47,"não",9
"5","154",3,51,"não",9
"5","154",4,55,"não",9
"5","155",1,51.4000015258789,"não",9
"5","155",2,60.4000015258789,"não",9
"5","155",3,70.4000015258789,"não",9
"5","155",4,74.4000015258789,"não",9
"5","156",1,75.8000030517578,"não",9
"5","156",2,77.8000030517578,"não",9
"5","156",3,80.8000030517578,"não",9
"5","156",4,88.8000030517578,"não",9
"5","157",1,79.6999969482422,"não",9
"5","157",2,84.6999969482422,"não",9
"5","157",3,92.6999969482422,"não",9
"5","157",4,97.6999969482422,"não",9
"5","158",1,86.4000015258789,"não",9
"5","158",2,89.4000015258789,"não",9
"5","158",3,95.4000015258789,"não",9
"5","158",4,100,"não",9
"5","159",1,50.0999984741211,"não",9
"5","159",2,55.0999984741211,"não",9
"5","159",3,63.0999984741211,"não",9
"5","159",4,70.0999984741211,"não",9
"5","160",1,67.6999969482422,"não",9
"5","160",2,69.6999969482422,"não",9
"5","160",3,69.6999969482422,"não",9
"5","160",4,69.6999969482422,"não",9
"5","161",1,49,"não",9
"5","161",2,52,"não",9
"5","161",3,60,"não",9
"5","161",4,63,"não",9
"5","162",1,38.7000007629395,"não",9
"5","162",2,44.7000007629395,"não",9
"5","162",3,50.7000007629395,"não",9
"5","162",4,55.7000007629395,"não",9
"5","163",1,57.7000007629395,"não",9
"5","163",2,61.7000007629395,"não",9
"5","163",3,65.6999969482422,"não",9
"5","163",4,70.6999969482422,"não",9
"5","164",1,56.7999992370605,"não",9
"5","164",2,60.7999992370605,"não",9
"5","164",3,60.7999992370605,"não",9
"5","164",4,65.8000030517578,"não",9
"5","165",1,47.5,"não",9
"5","165",2,56.5,"não",9
"5","165",3,59.5,"não",9
"5","165",4,67.5,"não",9
"5","166",1,48.2999992370605,"não",9
"5","166",2,53.2999992370605,"não",9
"5","166",3,60.2999992370605,"não",9
"5","166",4,68.3000030517578,"não",9
"5","167",1,38.5,"não",9
"5","167",2,44.5,"não",9
"5","167",3,49.5,"não",9
"5","167",4,51.5,"não",9
"5","168",1,50.2000007629395,"não",9
"5","168",2,60.2000007629395,"não",9
"5","168",3,68.1999969482422,"não",9
"5","168",4,78.1999969482422,"não",9
"5","169",1,51.5,"não",9
"5","169",2,53.5,"não",9
"5","169",3,63.5,"não",9
"5","169",4,63.5,"não",9
"5","170",1,42.2000007629395,"não",9
"5","170",2,45.2000007629395,"não",9
"5","170",3,54.2000007629395,"não",9
"5","170",4,60.2000007629395,"não",9
"5","171",1,39,"não",9
"5","171",2,49,"não",9
"5","171",3,53,"não",9
"5","171",4,55,"não",9
"5","172",1,27.7999992370605,"não",9
"5","172",2,35.7999992370605,"não",9
"5","172",3,35.7999992370605,"não",9
"5","172",4,43.7999992370605,"não",9
"5","173",1,63.7000007629395,"não",9
"5","173",2,67.6999969482422,"não",9
"5","173",3,76.6999969482422,"não",9
"5","173",4,76.6999969482422,"não",9
"5","174",1,67.9000015258789,"não",9
"5","174",2,73.9000015258789,"não",9
"5","174",3,77.9000015258789,"não",9
"5","174",4,84.9000015258789,"não",9
"5","175",1,45.2999992370605,"não",9
"5","175",2,45.2999992370605,"não",9
"5","175",3,52.2999992370605,"não",9
"5","175",4,54.2999992370605,"não",9
"5","176",1,63,"não",9
"5","176",2,65,"não",9
"5","176",3,75,"não",9
"5","176",4,85,"não",9
"5","177",1,42.5,"não",9
"5","177",2,47.5,"não",9
"5","177",3,57.5,"não",9
"5","177",4,64.5,"não",9
"5","178",1,51.7999992370605,"não",9
"5","178",2,51.7999992370605,"não",9
"5","178",3,60.7999992370605,"não",9
"5","178",4,70.8000030517578,"não",9
"5","179",1,32.2999992370605,"não",9
"5","179",2,34.2999992370605,"não",9
"5","179",3,36.2999992370605,"não",9
"5","179",4,37.2999992370605,"não",9
"5","180",1,69.5999984741211,"não",9
"5","180",2,78.5999984741211,"não",9
"5","180",3,78.5999984741211,"não",9
"5","180",4,87.5999984741211,"não",9
"5","181",1,41.5999984741211,"não",9
"5","181",2,47.5999984741211,"não",9
"5","181",3,49.5999984741211,"não",9
"5","181",4,53.5999984741211,"não",9
"5","182",1,52.2999992370605,"não",9
"5","182",2,53.2999992370605,"não",9
"5","182",3,53.2999992370605,"não",9
"5","182",4,54.2999992370605,"não",9
"5","183",1,72.6999969482422,"não",9
"5","183",2,78.6999969482422,"não",9
"5","183",3,79.6999969482422,"não",9
"5","183",4,85.6999969482422,"não",9
"5","184",1,76.5,"não",9
"5","184",2,78.5,"não",9
"5","184",3,81.5,"não",9
"5","184",4,87.5,"não",9
"5","185",1,47.2999992370605,"não",9
"5","185",2,47.2999992370605,"não",9
"5","185",3,50.2999992370605,"não",9
"5","185",4,52.2999992370605,"não",9
"5","186",1,76.4000015258789,"não",9
"5","186",2,76.4000015258789,"não",9
"5","186",3,85.4000015258789,"não",9
"5","186",4,95.4000015258789,"não",9
"5","187",1,31.5,"não",9
"5","187",2,38.5,"não",9
"5","187",3,42.5,"não",9
"5","187",4,45.5,"não",9
"5","188",1,72.4000015258789,"não",9
"5","188",2,75.4000015258789,"não",9
"5","188",3,76.4000015258789,"não",9
"5","188",4,85.4000015258789,"não",9
"6","189",1,24.7000007629395,"sim",2
"6","189",2,33.7000007629395,"sim",2
"6","189",3,42.7000007629395,"sim",2
"6","189",4,47.7000007629395,"sim",2
"6","190",1,41.5999984741211,"não",2
"6","190",2,47.5999984741211,"não",2
"6","190",3,51.5999984741211,"não",2
"6","190",4,53.5999984741211,"não",2
"6","191",1,73.3000030517578,"sim",2
"6","191",2,83.3000030517578,"sim",2
"6","191",3,83.3000030517578,"sim",2
"6","191",4,93.3000030517578,"sim",2
"6","192",1,61.9000015258789,"sim",2
"6","192",2,70.9000015258789,"sim",2
"6","192",3,78.9000015258789,"sim",2
"6","192",4,80.9000015258789,"sim",2
"6","193",1,61.7999992370605,"sim",2
"6","193",2,66.8000030517578,"sim",2
"6","193",3,71.8000030517578,"sim",2
"6","193",4,80.8000030517578,"sim",2
"6","194",1,72,"não",2
"6","194",2,72,"não",2
"6","194",3,74,"não",2
"6","194",4,83,"não",2
"6","195",1,26.2000007629395,"sim",2
"6","195",2,36.2000007629395,"sim",2
"6","195",3,40.2000007629395,"sim",2
"6","195",4,48.2000007629395,"sim",2
"6","196",1,51.0999984741211,"sim",2
"6","196",2,60.0999984741211,"sim",2
"6","196",3,62.0999984741211,"sim",2
"6","196",4,65.0999984741211,"sim",2
"6","197",1,80.3000030517578,"sim",2
"6","197",2,81.3000030517578,"sim",2
"6","197",3,90.3000030517578,"sim",2
"6","197",4,99.3000030517578,"sim",2
"6","198",1,29.3999996185303,"não",2
"6","198",2,36.4000015258789,"não",2
"6","198",3,42.4000015258789,"não",2
"6","198",4,43.4000015258789,"não",2
"6","199",1,60.0999984741211,"sim",2
"6","199",2,67.0999984741211,"sim",2
"6","199",3,67.0999984741211,"sim",2
"6","199",4,68.0999984741211,"sim",2
"6","200",1,40.2000007629395,"não",2
"6","200",2,50.2000007629395,"não",2
"6","200",3,52.2000007629395,"não",2
"6","200",4,55.2000007629395,"não",2
"6","201",1,28.5,"não",2
"6","201",2,36.5,"não",2
"6","201",3,41.5,"não",2
"6","201",4,41.5,"não",2
"6","202",1,71.5999984741211,"sim",2
"6","202",2,76.5999984741211,"sim",2
"6","202",3,81.5999984741211,"sim",2
"6","202",4,82.5999984741211,"sim",2
"6","203",1,47.7000007629395,"não",2
"6","203",2,50.7000007629395,"não",2
"6","203",3,59.7000007629395,"não",2
"6","203",4,63.7000007629395,"não",2
"6","204",1,27,"não",2
"6","204",2,28,"não",2
"6","204",3,28,"não",2
"6","204",4,29,"não",2
"6","205",1,52.7000007629395,"sim",2
"6","205",2,61.7000007629395,"sim",2
"6","205",3,68.6999969482422,"sim",2
"6","205",4,78.6999969482422,"sim",2
"6","206",1,40.0999984741211,"não",2
"6","206",2,49.0999984741211,"não",2
"6","206",3,50.0999984741211,"não",2
"6","206",4,58.0999984741211,"não",2
"6","207",1,82.0999984741211,"sim",2
"6","207",2,90.0999984741211,"sim",2
"6","207",3,99.0999984741211,"sim",2
"6","207",4,100,"sim",2
"6","208",1,47.7000007629395,"não",2
"6","208",2,48.7000007629395,"não",2
"6","208",3,56.7000007629395,"não",2
"6","208",4,66.6999969482422,"não",2
"6","209",1,75.0999984741211,"sim",2
"6","209",2,77.0999984741211,"sim",2
"6","209",3,86.0999984741211,"sim",2
"6","209",4,91.0999984741211,"sim",2
"6","210",1,59,"sim",2
"6","210",2,66,"sim",2
"6","210",3,72,"sim",2
"6","210",4,76,"sim",2
"6","211",1,58,"sim",2
"6","211",2,63,"sim",2
"6","211",3,72,"sim",2
"6","211",4,79,"sim",2
"6","212",1,79.5,"sim",2
"6","212",2,81.5,"sim",2
"6","212",3,81.5,"sim",2
"6","212",4,89.5,"sim",2
"6","213",1,60.4000015258789,"não",2
"6","213",2,68.4000015258789,"não",2
"6","213",3,76.4000015258789,"não",2
"6","213",4,86.4000015258789,"não",2
"6","214",1,67.6999969482422,"não",2
"6","214",2,75.6999969482422,"não",2
"6","214",3,80.6999969482422,"não",2
"6","214",4,86.6999969482422,"não",2
"6","215",1,53.4000015258789,"sim",2
"6","215",2,63.4000015258789,"sim",2
"6","215",3,71.4000015258789,"sim",2
"6","215",4,78.4000015258789,"sim",2
"6","216",1,89,"sim",2
"6","216",2,93,"sim",2
"6","216",3,99,"sim",2
"6","216",4,100,"sim",2
"6","217",1,75.6999969482422,"sim",2
"6","217",2,75.6999969482422,"sim",2
"6","217",3,85.6999969482422,"sim",2
"6","217",4,90.6999969482422,"sim",2
"6","218",1,70.3000030517578,"sim",2
"6","218",2,72.3000030517578,"sim",2
"6","218",3,76.3000030517578,"sim",2
"6","218",4,82.3000030517578,"sim",2
"7","219",1,76.1999969482422,"sim",2
"7","219",2,79.1999969482422,"sim",2
"7","219",3,89.1999969482422,"sim",2
"7","219",4,93.1999969482422,"sim",2
"7","220",1,12.3999996185303,"não",2
"7","220",2,19.3999996185303,"não",2
"7","220",3,27.3999996185303,"não",2
"7","220",4,30.3999996185303,"não",2
"7","221",1,18.7999992370605,"não",2
"7","221",2,26.7999992370605,"não",2
"7","221",3,35.7999992370605,"não",2
"7","221",4,45.7999992370605,"não",2
"7","222",1,72.3000030517578,"não",2
"7","222",2,79.3000030517578,"não",2
"7","222",3,86.3000030517578,"não",2
"7","222",4,91.3000030517578,"não",2
"7","223",1,25.5,"não",2
"7","223",2,29.5,"não",2
"7","223",3,31.5,"não",2
"7","223",4,36.5,"não",2
"7","224",1,66.5,"não",2
"7","224",2,69.5,"não",2
"7","224",3,73.5,"não",2
"7","224",4,74.5,"não",2
"7","225",1,82.6999969482422,"sim",2
"7","225",2,83.6999969482422,"sim",2
"7","225",3,84.6999969482422,"sim",2
"7","225",4,84.6999969482422,"sim",2
"7","226",1,48.7999992370605,"não",2
"7","226",2,56.7999992370605,"não",2
"7","226",3,60.7999992370605,"não",2
"7","226",4,70.8000030517578,"não",2
"7","227",1,73,"sim",2
"7","227",2,74,"sim",2
"7","227",3,83,"sim",2
"7","227",4,85,"sim",2
"7","228",1,95.5,"sim",2
"7","228",2,100,"sim",2
"7","228",3,100,"sim",2
"7","228",4,100,"sim",2
"7","229",1,29.5,"sim",2
"7","229",2,32.5,"sim",2
"7","229",3,42.5,"sim",2
"7","229",4,42.5,"sim",2
"7","230",1,22.8999996185303,"sim",2
"7","230",2,26.8999996185303,"sim",2
"7","230",3,33.9000015258789,"sim",2
"7","230",4,41.9000015258789,"sim",2
"7","231",1,97.3000030517578,"sim",2
"7","231",2,100,"sim",2
"7","231",3,100,"sim",2
"7","231",4,100,"sim",2
"7","232",1,21,"sim",2
"7","232",2,24,"sim",2
"7","232",3,29,"sim",2
"7","232",4,39,"sim",2
"7","233",1,40.2999992370605,"não",2
"7","233",2,45.2999992370605,"não",2
"7","233",3,55.2999992370605,"não",2
"7","233",4,61.2999992370605,"não",2
"7","234",1,45.2000007629395,"sim",2
"7","234",2,51.2000007629395,"sim",2
"7","234",3,51.2000007629395,"sim",2
"7","234",4,57.2000007629395,"sim",2
"7","235",1,39.7999992370605,"sim",2
"7","235",2,47.7999992370605,"sim",2
"7","235",3,56.7999992370605,"sim",2
"7","235",4,64.8000030517578,"sim",2
"7","236",1,52.2000007629395,"sim",2
"7","236",2,60.2000007629395,"sim",2
"7","236",3,60.2000007629395,"sim",2
"7","236",4,66.1999969482422,"sim",2
"7","237",1,32.4000015258789,"sim",2
"7","237",2,35.4000015258789,"sim",2
"7","237",3,41.4000015258789,"sim",2
"7","237",4,44.4000015258789,"sim",2
"7","238",1,75.5999984741211,"sim",2
"7","238",2,75.5999984741211,"sim",2
"7","238",3,78.5999984741211,"sim",2
"7","238",4,81.5999984741211,"sim",2
"7","239",1,26.7999992370605,"não",2
"7","239",2,29.7999992370605,"não",2
"7","239",3,32.7999992370605,"não",2
"7","239",4,32.7999992370605,"não",2
"7","240",1,78.4000015258789,"não",2
"7","240",2,87.4000015258789,"não",2
"7","240",3,90.4000015258789,"não",2
"7","240",4,98.4000015258789,"não",2
"7","241",1,91.6999969482422,"sim",2
"7","241",2,91.6999969482422,"sim",2
"7","241",3,96.6999969482422,"sim",2
"7","241",4,97.6999969482422,"sim",2
"7","242",1,40.4000015258789,"não",2
"7","242",2,49.4000015258789,"não",2
"7","242",3,50.4000015258789,"não",2
"7","242",4,55.4000015258789,"não",2
"7","243",1,41.7000007629395,"não",2
"7","243",2,50.7000007629395,"não",2
"7","243",3,50.7000007629395,"não",2
"7","243",4,58.7000007629395,"não",2
"7","244",1,34.2999992370605,"não",2
"7","244",2,43.2999992370605,"não",2
"7","244",3,47.2999992370605,"não",2
"7","244",4,50.2999992370605,"não",2
"7","245",1,44.2999992370605,"não",2
"7","245",2,44.2999992370605,"não",2
"7","245",3,47.2999992370605,"não",2
"7","245",4,53.2999992370605,"não",2
"7","246",1,63,"sim",2
"7","246",2,69,"sim",2
"7","246",3,70,"sim",2
"7","246",4,73,"sim",2
"8","247",1,73.5,"sim",20
"8","247",2,79.5,"sim",20
"8","247",3,83.5,"sim",20
"8","247",4,86.5,"sim",20
"8","248",1,89.4000015258789,"sim",20
"8","248",2,96.4000015258789,"sim",20
"8","248",3,100,"sim",20
"8","248",4,100,"sim",20
"8","249",1,94.6999969482422,"sim",20
"8","249",2,100,"sim",20
"8","249",3,100,"sim",20
"8","249",4,100,"sim",20
"8","250",1,100,"sim",20
"8","250",2,100,"sim",20
"8","250",3,100,"sim",20
"8","250",4,100,"sim",20
"8","251",1,77.1999969482422,"sim",20
"8","251",2,84.1999969482422,"sim",20
"8","251",3,91.1999969482422,"sim",20
"8","251",4,96.1999969482422,"sim",20
"8","252",1,100,"sim",20
"8","252",2,100,"sim",20
"8","252",3,100,"sim",20
"8","252",4,100,"sim",20
"8","253",1,92.5,"sim",20
"8","253",2,99.5,"sim",20
"8","253",3,100,"sim",20
"8","253",4,100,"sim",20
"8","254",1,100,"sim",20
"8","254",2,100,"sim",20
"8","254",3,100,"sim",20
"8","254",4,100,"sim",20
"8","255",1,84.1999969482422,"sim",20
"8","255",2,85.1999969482422,"sim",20
"8","255",3,91.1999969482422,"sim",20
"8","255",4,98.1999969482422,"sim",20
"8","256",1,100,"sim",20
"8","256",2,100,"sim",20
"8","256",3,100,"sim",20
"8","256",4,100,"sim",20
"8","257",1,83.4000015258789,"sim",20
"8","257",2,92.4000015258789,"sim",20
"8","257",3,100,"sim",20
"8","257",4,100,"sim",20
"8","258",1,100,"sim",20
"8","258",2,100,"sim",20
"8","258",3,100,"sim",20
"8","258",4,100,"sim",20
"8","259",1,89.6999969482422,"sim",20
"8","259",2,98.6999969482422,"sim",20
"8","259",3,100,"sim",20
"8","259",4,100,"sim",20
"8","260",1,80.0999984741211,"sim",20
"8","260",2,80.0999984741211,"sim",20
"8","260",3,80.0999984741211,"sim",20
"8","260",4,88.0999984741211,"sim",20
"8","261",1,95.8000030517578,"sim",20
"8","261",2,100,"sim",20
"8","261",3,100,"sim",20
"8","261",4,100,"sim",20
"8","262",1,95,"sim",20
"8","262",2,100,"sim",20
"8","262",3,100,"sim",20
"8","262",4,100,"sim",20
"8","263",1,100,"sim",20
"8","263",2,100,"sim",20
"8","263",3,100,"sim",20
"8","263",4,100,"sim",20
"8","264",1,86.8000030517578,"sim",20
"8","264",2,90.8000030517578,"sim",20
"8","264",3,98.8000030517578,"sim",20
"8","264",4,100,"sim",20
"8","265",1,100,"sim",20
"8","265",2,100,"sim",20
"8","265",3,100,"sim",20
"8","265",4,100,"sim",20
"8","266",1,100,"sim",20
"8","266",2,100,"sim",20
"8","266",3,100,"sim",20
"8","266",4,100,"sim",20
"8","267",1,69.4000015258789,"sim",20
"8","267",2,71.4000015258789,"sim",20
"8","267",3,79.4000015258789,"sim",20
"8","267",4,80.4000015258789,"sim",20
"8","268",1,100,"sim",20
"8","268",2,100,"sim",20
"8","268",3,100,"sim",20
"8","268",4,100,"sim",20
"8","269",1,99.6999969482422,"sim",20
"8","269",2,100,"sim",20
"8","269",3,100,"sim",20
"8","269",4,100,"sim",20
"8","270",1,90.0999984741211,"sim",20
"8","270",2,91.0999984741211,"sim",20
"8","270",3,100,"sim",20
"8","270",4,100,"sim",20
"8","271",1,100,"sim",20
"8","271",2,100,"sim",20
"8","271",3,100,"sim",20
"8","271",4,100,"sim",20
"8","272",1,82.3000030517578,"sim",20
"8","272",2,90.3000030517578,"sim",20
"8","272",3,95.3000030517578,"sim",20
"8","272",4,98.3000030517578,"sim",20
"8","273",1,74.5,"sim",20
"8","273",2,83.5,"sim",20
"8","273",3,88.5,"sim",20
"8","273",4,98.5,"sim",20
"8","274",1,100,"sim",20
"8","274",2,100,"sim",20
"8","274",3,100,"sim",20
"8","274",4,100,"sim",20
"8","275",1,99.6999969482422,"sim",20
"8","275",2,100,"sim",20
"8","275",3,100,"sim",20
"8","275",4,100,"sim",20
"8","276",1,100,"sim",20
"8","276",2,100,"sim",20
"8","276",3,100,"sim",20
"8","276",4,100,"sim",20
"8","277",1,84.4000015258789,"sim",20
"8","277",2,85.4000015258789,"sim",20
"8","277",3,91.4000015258789,"sim",20
"8","277",4,97.4000015258789,"sim",20
"8","278",1,95.5,"sim",20
"8","278",2,95.5,"sim",20
"8","278",3,96.5,"sim",20
"8","278",4,100,"sim",20
"8","279",1,78.0999984741211,"sim",20
"8","279",2,78.0999984741211,"sim",20
"8","279",3,79.0999984741211,"sim",20
"8","279",4,84.0999984741211,"sim",20
"8","280",1,91,"sim",20
"8","280",2,97,"sim",20
"8","280",3,100,"sim",20
"8","280",4,100,"sim",20
"8","281",1,90.0999984741211,"sim",20
"8","281",2,90.0999984741211,"sim",20
"8","281",3,97.0999984741211,"sim",20
"8","281",4,100,"sim",20
"9","282",1,100,"sim",20
"9","282",2,100,"sim",20
"9","282",3,100,"sim",20
"9","282",4,100,"sim",20
"9","283",1,90.1999969482422,"sim",20
"9","283",2,90.1999969482422,"sim",20
"9","283",3,97.1999969482422,"sim",20
"9","283",4,100,"sim",20
"9","284",1,98.9000015258789,"sim",20
"9","284",2,98.9000015258789,"sim",20
"9","284",3,100,"sim",20
"9","284",4,100,"sim",20
"9","285",1,63.9000015258789,"sim",20
"9","285",2,70.9000015258789,"sim",20
"9","285",3,70.9000015258789,"sim",20
"9","285",4,78.9000015258789,"sim",20
"9","286",1,69.8000030517578,"não",20
"9","286",2,75.8000030517578,"não",20
"9","286",3,75.8000030517578,"não",20
"9","286",4,78.8000030517578,"não",20
"9","287",1,90.5999984741211,"não",20
"9","287",2,94.5999984741211,"não",20
"9","287",3,95.5999984741211,"não",20
"9","287",4,96.5999984741211,"não",20
"9","288",1,100,"sim",20
"9","288",2,100,"sim",20
"9","288",3,100,"sim",20
"9","288",4,100,"sim",20
"9","289",1,90.1999969482422,"sim",20
"9","289",2,94.1999969482422,"sim",20
"9","289",3,99.1999969482422,"sim",20
"9","289",4,100,"sim",20
"9","290",1,88.9000015258789,"sim",20
"9","290",2,90.9000015258789,"sim",20
"9","290",3,98.9000015258789,"sim",20
"9","290",4,100,"sim",20
"9","291",1,82,"sim",20
"9","291",2,90,"sim",20
"9","291",3,96,"sim",20
"9","291",4,100,"sim",20
"9","292",1,94.9000015258789,"sim",20
"9","292",2,100,"sim",20
"9","292",3,100,"sim",20
"9","292",4,100,"sim",20
"9","293",1,100,"sim",20
"9","293",2,100,"sim",20
"9","293",3,100,"sim",20
"9","293",4,100,"sim",20
"9","294",1,64.0999984741211,"não",20
"9","294",2,70.0999984741211,"não",20
"9","294",3,79.0999984741211,"não",20
"9","294",4,79.0999984741211,"não",20
"9","295",1,90.4000015258789,"sim",20
"9","295",2,94.4000015258789,"sim",20
"9","295",3,100,"sim",20
"9","295",4,100,"sim",20
"9","296",1,76.5999984741211,"não",20
"9","296",2,84.5999984741211,"não",20
"9","296",3,87.5999984741211,"não",20
"9","296",4,97.5999984741211,"não",20
"9","297",1,71.1999969482422,"não",20
"9","297",2,78.1999969482422,"não",20
"9","297",3,81.1999969482422,"não",20
"9","297",4,85.1999969482422,"não",20
"9","298",1,58,"não",20
"9","298",2,60,"não",20
"9","298",3,70,"não",20
"9","298",4,73,"não",20
"9","299",1,75.5,"não",20
"9","299",2,84.5,"não",20
"9","299",3,85.5,"não",20
"9","299",4,85.5,"não",20
"9","300",1,88.1999969482422,"não",20
"9","300",2,88.1999969482422,"não",20
"9","300",3,92.1999969482422,"não",20
"9","300",4,95.1999969482422,"não",20
"9","301",1,92.0999984741211,"sim",20
"9","301",2,98.0999984741211,"sim",20
"9","301",3,100,"sim",20
"9","301",4,100,"sim",20
"9","302",1,79.4000015258789,"não",20
"9","302",2,88.4000015258789,"não",20
"9","302",3,96.4000015258789,"não",20
"9","302",4,100,"não",20
"9","303",1,100,"sim",20
"9","303",2,100,"sim",20
"9","303",3,100,"sim",20
"9","303",4,100,"sim",20
"9","304",1,77,"sim",20
"9","304",2,79,"sim",20
"9","304",3,85,"sim",20
"9","304",4,94,"sim",20
"9","305",1,100,"sim",20
"9","305",2,100,"sim",20
"9","305",3,100,"sim",20
"9","305",4,100,"sim",20
"9","306",1,75.0999984741211,"sim",20
"9","306",2,79.0999984741211,"sim",20
"9","306",3,80.0999984741211,"sim",20
"9","306",4,81.0999984741211,"sim",20
"9","307",1,86.5,"sim",20
"9","307",2,89.5,"sim",20
"9","307",3,92.5,"sim",20
"9","307",4,100,"sim",20
"9","308",1,82.4000015258789,"sim",20
"9","308",2,83.4000015258789,"sim",20
"9","308",3,93.4000015258789,"sim",20
"9","308",4,96.4000015258789,"sim",20
"9","309",1,100,"sim",20
"9","309",2,100,"sim",20
"9","309",3,100,"sim",20
"9","309",4,100,"sim",20
"9","310",1,90.8000030517578,"sim",20
"9","310",2,95.8000030517578,"sim",20
"9","310",3,100,"sim",20
"9","310",4,100,"sim",20
"9","311",1,72.4000015258789,"sim",20
"9","311",2,77.4000015258789,"sim",20
"9","311",3,80.4000015258789,"sim",20
"9","311",4,86.4000015258789,"sim",20
"9","312",1,73.9000015258789,"não",20
"9","312",2,81.9000015258789,"não",20
"9","312",3,85.9000015258789,"não",20
"9","312",4,95.9000015258789,"não",20
"9","313",1,100,"sim",20
"9","313",2,100,"sim",20
"9","313",3,100,"sim",20
"9","313",4,100,"sim",20
"9","314",1,84.8000030517578,"sim",20
"9","314",2,87.8000030517578,"sim",20
"9","314",3,94.8000030517578,"sim",20
"9","314",4,100,"sim",20
"9","315",1,100,"sim",20
"9","315",2,100,"sim",20
"9","315",3,100,"sim",20
"9","315",4,100,"sim",20
"9","316",1,46,"não",20
"9","316",2,56,"não",20
"9","316",3,60,"não",20
"9","316",4,64,"não",20
"9","317",1,42.2999992370605,"não",20
"9","317",2,45.2999992370605,"não",20
"9","317",3,45.2999992370605,"não",20
"9","317",4,52.2999992370605,"não",20
"9","318",1,100,"sim",20
"9","318",2,100,"sim",20
"9","318",3,100,"sim",20
"9","318",4,100,"sim",20
"9","319",1,80.4000015258789,"não",20
"9","319",2,90.4000015258789,"não",20
"9","319",3,99.4000015258789,"não",20
"9","319",4,100,"não",20
"9","320",1,84.5,"não",20
"9","320",2,87.5,"não",20
"9","320",3,87.5,"não",20
"9","320",4,88.5,"não",20
"9","321",1,100,"sim",20
"9","321",2,100,"sim",20
"9","321",3,100,"sim",20
"9","321",4,100,"sim",20
"9","322",1,79.5999984741211,"sim",20
"9","322",2,83.5999984741211,"sim",20
"9","322",3,86.5999984741211,"sim",20
"9","322",4,86.5999984741211,"sim",20
"9","323",1,86.0999984741211,"não",20
"9","323",2,95.0999984741211,"não",20
"9","323",3,100,"não",20
"9","323",4,100,"não",20
"9","324",1,89,"sim",20
"9","324",2,99,"sim",20
"9","324",3,100,"sim",20
"9","324",4,100,"sim",20
"9","325",1,88.4000015258789,"sim",20
"9","325",2,98.4000015258789,"sim",20
"9","325",3,99.4000015258789,"sim",20
"9","325",4,100,"sim",20
"10","326",1,55.5999984741211,"não",2
"10","326",2,64.5999984741211,"não",2
"10","326",3,67.5999984741211,"não",2
"10","326",4,75.5999984741211,"não",2
"10","327",1,88.6999969482422,"não",2
"10","327",2,94.6999969482422,"não",2
"10","327",3,100,"não",2
"10","327",4,100,"não",2
"10","328",1,56.5999984741211,"não",2
"10","328",2,63.5999984741211,"não",2
"10","328",3,69.5999984741211,"não",2
"10","328",4,73.5999984741211,"não",2
"10","329",1,67,"não",2
"10","329",2,69,"não",2
"10","329",3,72,"não",2
"10","329",4,76,"não",2
"10","330",1,29.3999996185303,"não",2
"10","330",2,30.3999996185303,"não",2
"10","330",3,34.4000015258789,"não",2
"10","330",4,43.4000015258789,"não",2
"10","331",1,60.2000007629395,"não",2
"10","331",2,69.1999969482422,"não",2
"10","331",3,71.1999969482422,"não",2
"10","331",4,79.1999969482422,"não",2
"10","332",1,72.0999984741211,"não",2
"10","332",2,80.0999984741211,"não",2
"10","332",3,82.0999984741211,"não",2
"10","332",4,83.0999984741211,"não",2
"10","333",1,54.5999984741211,"não",2
"10","333",2,58.5999984741211,"não",2
"10","333",3,68.5999984741211,"não",2
"10","333",4,77.5999984741211,"não",2
"10","334",1,68.0999984741211,"não",2
"10","334",2,69.0999984741211,"não",2
"10","334",3,79.0999984741211,"não",2
"10","334",4,80.0999984741211,"não",2
"10","335",1,64.0999984741211,"não",2
"10","335",2,71.0999984741211,"não",2
"10","335",3,78.0999984741211,"não",2
"10","335",4,83.0999984741211,"não",2
"10","336",1,94.5999984741211,"sim",2
"10","336",2,96.5999984741211,"sim",2
"10","336",3,98.5999984741211,"sim",2
"10","336",4,100,"sim",2
"10","337",1,80.8000030517578,"sim",2
"10","337",2,80.8000030517578,"sim",2
"10","337",3,80.8000030517578,"sim",2
"10","337",4,85.8000030517578,"sim",2
"10","338",1,95.8000030517578,"sim",2
"10","338",2,97.8000030517578,"sim",2
"10","338",3,98.8000030517578,"sim",2
"10","338",4,100,"sim",2
"10","339",1,69,"sim",2
"10","339",2,69,"sim",2
"10","339",3,78,"sim",2
"10","339",4,84,"sim",2
"10","340",1,80,"sim",2
"10","340",2,83,"sim",2
"10","340",3,86,"sim",2
"10","340",4,89,"sim",2
"10","341",1,72.5,"não",2
"10","341",2,72.5,"não",2
"10","341",3,72.5,"não",2
"10","341",4,81.5,"não",2
"10","342",1,92,"sim",2
"10","342",2,100,"sim",2
"10","342",3,100,"sim",2
"10","342",4,100,"sim",2
"10","343",1,90,"não",2
"10","343",2,95,"não",2
"10","343",3,98,"não",2
"10","343",4,100,"não",2
"10","344",1,78.4000015258789,"não",2
"10","344",2,83.4000015258789,"não",2
"10","344",3,93.4000015258789,"não",2
"10","344",4,100,"não",2
"10","345",1,92.8000030517578,"sim",2
"10","345",2,96.8000030517578,"sim",2
"10","345",3,97.8000030517578,"sim",2
"10","345",4,100,"sim",2
"10","346",1,80.9000015258789,"sim",2
"10","346",2,84.9000015258789,"sim",2
"10","346",3,84.9000015258789,"sim",2
"10","346",4,93.9000015258789,"sim",2
"10","347",1,26.8999996185303,"não",2
"10","347",2,30.8999996185303,"não",2
"10","347",3,39.9000015258789,"não",2
"10","347",4,40.9000015258789,"não",2
"10","348",1,88.5999984741211,"sim",2
"10","348",2,95.5999984741211,"sim",2
"10","348",3,98.5999984741211,"sim",2
"10","348",4,100,"sim",2
"10","349",1,81.4000015258789,"sim",2
"10","349",2,85.4000015258789,"sim",2
"10","349",3,89.4000015258789,"sim",2
"10","349",4,94.4000015258789,"sim",2
"10","350",1,98.5,"sim",2
"10","350",2,100,"sim",2
"10","350",3,100,"sim",2
"10","350",4,100,"sim",2
"10","351",1,71.4000015258789,"não",2
"10","351",2,81.4000015258789,"não",2
"10","351",3,85.4000015258789,"não",2
"10","351",4,91.4000015258789,"não",2
"10","352",1,72.4000015258789,"não",2
"10","352",2,82.4000015258789,"não",2
"10","352",3,91.4000015258789,"não",2
"10","352",4,98.4000015258789,"não",2
"10","353",1,70.3000030517578,"não",2
"10","353",2,76.3000030517578,"não",2
"10","353",3,84.3000030517578,"não",2
"10","353",4,91.3000030517578,"não",2
"10","354",1,93.4000015258789,"sim",2
"10","354",2,98.4000015258789,"sim",2
"10","354",3,98.4000015258789,"sim",2
"10","354",4,99.4000015258789,"sim",2
"10","355",1,27.6000003814697,"sim",2
"10","355",2,35.5999984741211,"sim",2
"10","355",3,40.5999984741211,"sim",2
"10","355",4,44.5999984741211,"sim",2
"10","356",1,78.8000030517578,"não",2
"10","356",2,82.8000030517578,"não",2
"10","356",3,89.8000030517578,"não",2
"10","356",4,96.8000030517578,"não",2
"10","357",1,20.5,"sim",2
"10","357",2,24.5,"sim",2
"10","357",3,31.5,"sim",2
"10","357",4,31.5,"sim",2
"10","358",1,68.5,"não",2
"10","358",2,72.5,"não",2
"10","358",3,80.5,"não",2
"10","358",4,88.5,"não",2
"11","359",1,42.2000007629395,"sim",20
"11","359",2,45.2000007629395,"sim",20
"11","359",3,45.2000007629395,"sim",20
"11","359",4,53.2000007629395,"sim",20
"11","360",1,58.5999984741211,"sim",20
"11","360",2,61.5999984741211,"sim",20
"11","360",3,65.5999984741211,"sim",20
"11","360",4,70.5999984741211,"sim",20
"11","361",1,91,"sim",20
"11","361",2,100,"sim",20
"11","361",3,100,"sim",20
"11","361",4,100,"sim",20
"11","362",1,94.0999984741211,"sim",20
"11","362",2,99.0999984741211,"sim",20
"11","362",3,100,"sim",20
"11","362",4,100,"sim",20
"11","363",1,100,"sim",20
"11","363",2,100,"sim",20
"11","363",3,100,"sim",20
"11","363",4,100,"sim",20
"11","364",1,77.4000015258789,"sim",20
"11","364",2,82.4000015258789,"sim",20
"11","364",3,88.4000015258789,"sim",20
"11","364",4,93.4000015258789,"sim",20
"11","365",1,65.6999969482422,"sim",20
"11","365",2,72.6999969482422,"sim",20
"11","365",3,77.6999969482422,"sim",20
"11","365",4,87.6999969482422,"sim",20
"11","366",1,64,"sim",20
"11","366",2,65,"sim",20
"11","366",3,72,"sim",20
"11","366",4,78,"sim",20
"11","367",1,54.0999984741211,"sim",20
"11","367",2,62.0999984741211,"sim",20
"11","367",3,70.0999984741211,"sim",20
"11","367",4,74.0999984741211,"sim",20
"11","368",1,100,"sim",20
"11","368",2,100,"sim",20
"11","368",3,100,"sim",20
"11","368",4,100,"sim",20
"11","369",1,54.7000007629395,"sim",20
"11","369",2,56.7000007629395,"sim",20
"11","369",3,58.7000007629395,"sim",20
"11","369",4,64.6999969482422,"sim",20
"11","370",1,63.5,"sim",20
"11","370",2,67.5,"sim",20
"11","370",3,77.5,"sim",20
"11","370",4,86.5,"sim",20
"11","371",1,59.9000015258789,"sim",20
"11","371",2,61.9000015258789,"sim",20
"11","371",3,70.9000015258789,"sim",20
"11","371",4,75.9000015258789,"sim",20
"11","372",1,48.9000015258789,"sim",20
"11","372",2,54.9000015258789,"sim",20
"11","372",3,58.9000015258789,"sim",20
"11","372",4,61.9000015258789,"sim",20
"11","373",1,56.5,"sim",20
"11","373",2,65.5,"sim",20
"11","373",3,71.5,"sim",20
"11","373",4,77.5,"sim",20
"11","374",1,97.9000015258789,"sim",20
"11","374",2,100,"sim",20
"11","374",3,100,"sim",20
"11","374",4,100,"sim",20
"11","375",1,62.7999992370605,"sim",20
"11","375",2,64.8000030517578,"sim",20
"11","375",3,73.8000030517578,"sim",20
"11","375",4,81.8000030517578,"sim",20
"11","376",1,64.0999984741211,"sim",20
"11","376",2,70.0999984741211,"sim",20
"11","376",3,70.0999984741211,"sim",20
"11","376",4,75.0999984741211,"sim",20
"11","377",1,38.5999984741211,"sim",20
"11","377",2,41.5999984741211,"sim",20
"11","377",3,46.5999984741211,"sim",20
"11","377",4,55.5999984741211,"sim",20
"11","378",1,45.5,"sim",20
"11","378",2,51.5,"sim",20
"11","378",3,59.5,"sim",20
"11","378",4,63.5,"sim",20
"11","379",1,100,"sim",20
"11","379",2,100,"sim",20
"11","379",3,100,"sim",20
"11","379",4,100,"sim",20
"11","380",1,49.5,"sim",20
"11","380",2,50.5,"sim",20
"11","380",3,57.5,"sim",20
"11","380",4,57.5,"sim",20
"11","381",1,51.7999992370605,"sim",20
"11","381",2,55.7999992370605,"sim",20
"11","381",3,60.7999992370605,"sim",20
"11","381",4,69.8000030517578,"sim",20
"11","382",1,48.2999992370605,"sim",20
"11","382",2,54.2999992370605,"sim",20
"11","382",3,59.2999992370605,"sim",20
"11","382",4,61.2999992370605,"sim",20
"11","383",1,81.6999969482422,"sim",20
"11","383",2,90.6999969482422,"sim",20
"11","383",3,93.6999969482422,"sim",20
"11","383",4,96.6999969482422,"sim",20
"11","384",1,42.2000007629395,"sim",20
"11","384",2,42.2000007629395,"sim",20
"11","384",3,44.2000007629395,"sim",20
"11","384",4,48.2000007629395,"sim",20
"11","385",1,44.2999992370605,"sim",20
"11","385",2,53.2999992370605,"sim",20
"11","385",3,54.2999992370605,"sim",20
"11","385",4,63.2999992370605,"sim",20
"11","386",1,76,"sim",20
"11","386",2,83,"sim",20
"11","386",3,88,"sim",20
"11","386",4,95,"sim",20
"11","387",1,59.2999992370605,"sim",20
"11","387",2,62.2999992370605,"sim",20
"11","387",3,68.3000030517578,"sim",20
"11","387",4,70.3000030517578,"sim",20
"11","388",1,42.7000007629395,"sim",20
"11","388",2,46.7000007629395,"sim",20
"11","388",3,47.7000007629395,"sim",20
"11","388",4,49.7000007629395,"sim",20
"11","389",1,53.7999992370605,"sim",20
"11","389",2,60.7999992370605,"sim",20
"11","389",3,64.8000030517578,"sim",20
"11","389",4,68.8000030517578,"sim",20
"11","390",1,88,"sim",20
"11","390",2,90,"sim",20
"11","390",3,100,"sim",20
"11","390",4,100,"sim",20
"11","391",1,96,"sim",20
"11","391",2,100,"sim",20
"11","391",3,100,"sim",20
"11","391",4,100,"sim",20
"11","392",1,64.9000015258789,"sim",20
"11","392",2,71.9000015258789,"sim",20
"11","392",3,73.9000015258789,"sim",20
"11","392",4,78.9000015258789,"sim",20
"11","393",1,51.4000015258789,"sim",20
"11","393",2,51.4000015258789,"sim",20
"11","393",3,61.4000015258789,"sim",20
"11","393",4,62.4000015258789,"sim",20
"11","394",1,58.7999992370605,"sim",20
"11","394",2,65.8000030517578,"sim",20
"11","394",3,74.8000030517578,"sim",20
"11","394",4,78.8000030517578,"sim",20
"11","395",1,71.0999984741211,"sim",20
"11","395",2,72.0999984741211,"sim",20
"11","395",3,80.0999984741211,"sim",20
"11","395",4,90.0999984741211,"sim",20
"11","396",1,79.6999969482422,"sim",20
"11","396",2,87.6999969482422,"sim",20
"11","396",3,88.6999969482422,"sim",20
"11","396",4,96.6999969482422,"sim",20
"11","397",1,68.6999969482422,"sim",20
"11","397",2,71.6999969482422,"sim",20
"11","397",3,71.6999969482422,"sim",20
"11","397",4,71.6999969482422,"sim",20
"11","398",1,40.2000007629395,"sim",20
"11","398",2,46.2000007629395,"sim",20
"11","398",3,55.2000007629395,"sim",20
"11","398",4,60.2000007629395,"sim",20
"11","399",1,85.0999984741211,"sim",20
"11","399",2,90.0999984741211,"sim",20
"11","399",3,94.0999984741211,"sim",20
"11","399",4,98.0999984741211,"sim",20
"11","400",1,61.5999984741211,"sim",20
"11","400",2,69.5999984741211,"sim",20
"11","400",3,72.5999984741211,"sim",20
"11","400",4,80.5999984741211,"sim",20
"11","401",1,56,"sim",20
"11","401",2,57,"sim",20
"11","401",3,59,"sim",20
"11","401",4,61,"sim",20
"11","402",1,71.6999969482422,"sim",20
"11","402",2,71.6999969482422,"sim",20
"11","402",3,81.6999969482422,"sim",20
"11","402",4,81.6999969482422,"sim",20
"11","403",1,69.4000015258789,"sim",20
"11","403",2,70.4000015258789,"sim",20
"11","403",3,72.4000015258789,"sim",20
"11","403",4,79.4000015258789,"sim",20
"11","404",1,62.5,"sim",20
"11","404",2,69.5,"sim",20
"11","404",3,74.5,"sim",20
"11","404",4,74.5,"sim",20
"11","405",1,63.7000007629395,"sim",20
"11","405",2,68.6999969482422,"sim",20
"11","405",3,69.6999969482422,"sim",20
"11","405",4,69.6999969482422,"sim",20
"11","406",1,71.0999984741211,"sim",20
"11","406",2,81.0999984741211,"sim",20
"11","406",3,88.0999984741211,"sim",20
"11","406",4,90.0999984741211,"sim",20
"11","407",1,83.8000030517578,"sim",20
"11","407",2,92.8000030517578,"sim",20
"11","407",3,100,"sim",20
"11","407",4,100,"sim",20
"11","408",1,54.7000007629395,"sim",20
"11","408",2,61.7000007629395,"sim",20
"11","408",3,69.6999969482422,"sim",20
"11","408",4,69.6999969482422,"sim",20
"11","409",1,66.3000030517578,"sim",20
"11","409",2,69.3000030517578,"sim",20
"11","409",3,73.3000030517578,"sim",20
"11","409",4,73.3000030517578,"sim",20
"11","410",1,59.9000015258789,"sim",20
"11","410",2,64.9000015258789,"sim",20
"11","410",3,71.9000015258789,"sim",20
"11","410",4,77.9000015258789,"sim",20
"11","411",1,90.3000030517578,"sim",20
"11","411",2,97.3000030517578,"sim",20
"11","411",3,100,"sim",20
"11","411",4,100,"sim",20
"11","412",1,100,"sim",20
"11","412",2,100,"sim",20
"11","412",3,100,"sim",20
"11","412",4,100,"sim",20
"11","413",1,82.5999984741211,"sim",20
"11","413",2,87.5999984741211,"sim",20
"11","413",3,88.5999984741211,"sim",20
"11","413",4,93.5999984741211,"sim",20
"11","414",1,51.7999992370605,"sim",20
"11","414",2,56.7999992370605,"sim",20
"11","414",3,66.8000030517578,"sim",20
"11","414",4,72.8000030517578,"sim",20
"11","415",1,47.5,"sim",20
"11","415",2,52.5,"sim",20
"11","415",3,58.5,"sim",20
"11","415",4,66.5,"sim",20
"12","416",1,59,"não",18
"12","416",2,67,"não",18
"12","416",3,71,"não",18
"12","416",4,72,"não",18
"12","417",1,39.9000015258789,"sim",18
"12","417",2,47.9000015258789,"sim",18
"12","417",3,52.9000015258789,"sim",18
"12","417",4,54.9000015258789,"sim",18
"12","418",1,39.5999984741211,"sim",18
"12","418",2,48.5999984741211,"sim",18
"12","418",3,54.5999984741211,"sim",18
"12","418",4,63.5999984741211,"sim",18
"12","419",1,43.5,"sim",18
"12","419",2,47.5,"sim",18
"12","419",3,54.5,"sim",18
"12","419",4,62.5,"sim",18
"12","420",1,45.2999992370605,"não",18
"12","420",2,54.2999992370605,"não",18
"12","420",3,59.2999992370605,"não",18
"12","420",4,62.2999992370605,"não",18
"12","421",1,86.5,"não",18
"12","421",2,92.5,"não",18
"12","421",3,100,"não",18
"12","421",4,100,"não",18
"12","422",1,93.8000030517578,"sim",18
"12","422",2,100,"sim",18
"12","422",3,100,"sim",18
"12","422",4,100,"sim",18
"12","423",1,33.2000007629395,"sim",18
"12","423",2,33.2000007629395,"sim",18
"12","423",3,36.2000007629395,"sim",18
"12","423",4,43.2000007629395,"sim",18
"12","424",1,73.5999984741211,"não",18
"12","424",2,82.5999984741211,"não",18
"12","424",3,83.5999984741211,"não",18
"12","424",4,90.5999984741211,"não",18
"12","425",1,77.6999969482422,"sim",18
"12","425",2,85.6999969482422,"sim",18
"12","425",3,93.6999969482422,"sim",18
"12","425",4,100,"sim",18
"12","426",1,75.0999984741211,"sim",18
"12","426",2,81.0999984741211,"sim",18
"12","426",3,89.0999984741211,"sim",18
"12","426",4,97.0999984741211,"sim",18
"12","427",1,48.9000015258789,"sim",18
"12","427",2,54.9000015258789,"sim",18
"12","427",3,64.9000015258789,"sim",18
"12","427",4,66.9000015258789,"sim",18
"12","428",1,87.8000030517578,"sim",18
"12","428",2,92.8000030517578,"sim",18
"12","428",3,100,"sim",18
"12","428",4,100,"sim",18
"12","429",1,80.5,"sim",18
"12","429",2,90.5,"sim",18
"12","429",3,92.5,"sim",18
"12","429",4,94.5,"sim",18
"12","430",1,81.3000030517578,"não",18
"12","430",2,87.3000030517578,"não",18
"12","430",3,97.3000030517578,"não",18
"12","430",4,100,"não",18
"12","431",1,20.5,"sim",18
"12","431",2,27.5,"sim",18
"12","431",3,27.5,"sim",18
"12","431",4,31.5,"sim",18
"12","432",1,86.4000015258789,"sim",18
"12","432",2,94.4000015258789,"sim",18
"12","432",3,100,"sim",18
"12","432",4,100,"sim",18
"12","433",1,80.6999969482422,"não",18
"12","433",2,84.6999969482422,"não",18
"12","433",3,85.6999969482422,"não",18
"12","433",4,85.6999969482422,"não",18
"12","434",1,65.3000030517578,"não",18
"12","434",2,68.3000030517578,"não",18
"12","434",3,68.3000030517578,"não",18
"12","434",4,73.3000030517578,"não",18
"12","435",1,64.5,"não",18
"12","435",2,70.5,"não",18
"12","435",3,76.5,"não",18
"12","435",4,79.5,"não",18
"12","436",1,52.0999984741211,"não",18
"12","436",2,54.0999984741211,"não",18
"12","436",3,55.0999984741211,"não",18
"12","436",4,65.0999984741211,"não",18
"12","437",1,74,"não",18
"12","437",2,83,"não",18
"12","437",3,86,"não",18
"12","437",4,96,"não",18
"12","438",1,24.7999992370605,"não",18
"12","438",2,26.7999992370605,"não",18
"12","438",3,31.7999992370605,"não",18
"12","438",4,32.7999992370605,"não",18
"12","439",1,84.9000015258789,"não",18
"12","439",2,84.9000015258789,"não",18
"12","439",3,88.9000015258789,"não",18
"12","439",4,94.9000015258789,"não",18
"12","440",1,65,"sim",18
"12","440",2,70,"sim",18
"12","440",3,77,"sim",18
"12","440",4,79,"sim",18
"12","441",1,68.8000030517578,"sim",18
"12","441",2,71.8000030517578,"sim",18
"12","441",3,81.8000030517578,"sim",18
"12","441",4,81.8000030517578,"sim",18
"12","442",1,92.9000015258789,"sim",18
"12","442",2,94.9000015258789,"sim",18
"12","442",3,99.9000015258789,"sim",18
"12","442",4,100,"sim",18
"12","443",1,93.5,"sim",18
"12","443",2,99.5,"sim",18
"12","443",3,100,"sim",18
"12","443",4,100,"sim",18
"12","444",1,60.0999984741211,"sim",18
"12","444",2,64.0999984741211,"sim",18
"12","444",3,65.0999984741211,"sim",18
"12","444",4,69.0999984741211,"sim",18
"12","445",1,72.1999969482422,"não",18
"12","445",2,81.1999969482422,"não",18
"12","445",3,89.1999969482422,"não",18
"12","445",4,94.1999969482422,"não",18
"12","446",1,97.5,"sim",18
"12","446",2,100,"sim",18
"12","446",3,100,"sim",18
"12","446",4,100,"sim",18
"12","447",1,84.3000030517578,"não",18
"12","447",2,89.3000030517578,"não",18
"12","447",3,90.3000030517578,"não",18
"12","447",4,94.3000030517578,"não",18
"12","448",1,51.7999992370605,"sim",18
"12","448",2,60.7999992370605,"sim",18
"12","448",3,66.8000030517578,"sim",18
"12","448",4,74.8000030517578,"sim",18
"12","449",1,49.2000007629395,"não",18
"12","449",2,57.2000007629395,"não",18
"12","449",3,63.2000007629395,"não",18
"12","449",4,63.2000007629395,"não",18
"12","450",1,54.5999984741211,"não",18
"12","450",2,62.5999984741211,"não",18
"12","450",3,69.5999984741211,"não",18
"12","450",4,71.5999984741211,"não",18
"12","451",1,70.6999969482422,"sim",18
"12","451",2,80.6999969482422,"sim",18
"12","451",3,80.6999969482422,"sim",18
"12","451",4,83.6999969482422,"sim",18
"12","452",1,82.5999984741211,"não",18
"12","452",2,92.5999984741211,"não",18
"12","452",3,98.5999984741211,"não",18
"12","452",4,98.5999984741211,"não",18
"12","453",1,75.1999969482422,"sim",18
"12","453",2,81.1999969482422,"sim",18
"12","453",3,85.1999969482422,"sim",18
"12","453",4,86.1999969482422,"sim",18
"12","454",1,74.8000030517578,"sim",18
"12","454",2,78.8000030517578,"sim",18
"12","454",3,80.8000030517578,"sim",18
"12","454",4,90.8000030517578,"sim",18
"12","455",1,39.4000015258789,"não",18
"12","455",2,42.4000015258789,"não",18
"12","455",3,43.4000015258789,"não",18
"12","455",4,50.4000015258789,"não",18
"12","456",1,60.9000015258789,"não",18
"12","456",2,70.9000015258789,"não",18
"12","456",3,76.9000015258789,"não",18
"12","456",4,85.9000015258789,"não",18
"12","457",1,28,"sim",18
"12","457",2,35,"sim",18
"12","457",3,44,"sim",18
"12","457",4,53,"sim",18
"12","458",1,79.9000015258789,"sim",18
"12","458",2,88.9000015258789,"sim",18
"12","458",3,88.9000015258789,"sim",18
"12","458",4,96.9000015258789,"sim",18
"12","459",1,97.9000015258789,"sim",18
"12","459",2,100,"sim",18
"12","459",3,100,"sim",18
"12","459",4,100,"sim",18
"12","460",1,38.4000015258789,"não",18
"12","460",2,38.4000015258789,"não",18
"12","460",3,40.4000015258789,"não",18
"12","460",4,42.4000015258789,"não",18
"12","461",1,79.4000015258789,"sim",18
"12","461",2,89.4000015258789,"sim",18
"12","461",3,96.4000015258789,"sim",18
"12","461",4,97.4000015258789,"sim",18
"12","462",1,43.9000015258789,"não",18
"12","462",2,53.9000015258789,"não",18
"12","462",3,54.9000015258789,"não",18
"12","462",4,59.9000015258789,"não",18
"12","463",1,58.2000007629395,"sim",18
"12","463",2,66.1999969482422,"sim",18
"12","463",3,72.1999969482422,"sim",18
"12","463",4,82.1999969482422,"sim",18
"12","464",1,45.5999984741211,"não",18
"12","464",2,48.5999984741211,"não",18
"12","464",3,56.5999984741211,"não",18
"12","464",4,57.5999984741211,"não",18
"12","465",1,32.9000015258789,"não",18
"12","465",2,32.9000015258789,"não",18
"12","465",3,38.9000015258789,"não",18
"12","465",4,43.9000015258789,"não",18
"12","466",1,41.0999984741211,"não",18
"12","466",2,46.0999984741211,"não",18
"12","466",3,51.0999984741211,"não",18
"12","466",4,51.0999984741211,"não",18
"12","467",1,77.1999969482422,"sim",18
"12","467",2,77.1999969482422,"sim",18
"12","467",3,80.1999969482422,"sim",18
"12","467",4,80.1999969482422,"sim",18
"12","468",1,75,"sim",18
"12","468",2,83,"sim",18
"12","468",3,88,"sim",18
"12","468",4,95,"sim",18
"12","469",1,19.8999996185303,"não",18
"12","469",2,28.8999996185303,"não",18
"12","469",3,34.9000015258789,"não",18
"12","469",4,42.9000015258789,"não",18
"12","470",1,82.5999984741211,"sim",18
"12","470",2,85.5999984741211,"sim",18
"12","470",3,94.5999984741211,"sim",18
"12","470",4,95.5999984741211,"sim",18
"12","471",1,99.5,"sim",18
"12","471",2,100,"sim",18
"12","471",3,100,"sim",18
"12","471",4,100,"sim",18
"12","472",1,72.0999984741211,"sim",18
"12","472",2,74.0999984741211,"sim",18
"12","472",3,78.0999984741211,"sim",18
"12","472",4,86.0999984741211,"sim",18
"12","473",1,61.2999992370605,"não",18
"12","473",2,61.2999992370605,"não",18
"12","473",3,65.3000030517578,"não",18
"12","473",4,68.3000030517578,"não",18
"12","474",1,64.3000030517578,"sim",18
"12","474",2,70.3000030517578,"sim",18
"12","474",3,72.3000030517578,"sim",18
"12","474",4,77.3000030517578,"sim",18
"12","475",1,91,"sim",18
"12","475",2,97,"sim",18
"12","475",3,100,"sim",18
"12","475",4,100,"sim",18
"12","476",1,78.0999984741211,"não",18
"12","476",2,78.0999984741211,"não",18
"12","476",3,81.0999984741211,"não",18
"12","476",4,90.0999984741211,"não",18
"12","477",1,34.0999984741211,"não",18
"12","477",2,38.0999984741211,"não",18
"12","477",3,47.0999984741211,"não",18
"12","477",4,47.0999984741211,"não",18
"13","478",1,34.5999984741211,"não",2
"13","478",2,40.5999984741211,"não",2
"13","478",3,43.5999984741211,"não",2
"13","478",4,45.5999984741211,"não",2
"13","479",1,71,"não",2
"13","479",2,72,"não",2
"13","479",3,76,"não",2
"13","479",4,80,"não",2
"13","480",1,35.5999984741211,"não",2
"13","480",2,41.5999984741211,"não",2
"13","480",3,48.5999984741211,"não",2
"13","480",4,57.5999984741211,"não",2
"13","481",1,14.3999996185303,"não",2
"13","481",2,16.3999996185303,"não",2
"13","481",3,17.3999996185303,"não",2
"13","481",4,17.3999996185303,"não",2
"13","482",1,30.2999992370605,"não",2
"13","482",2,32.2999992370605,"não",2
"13","482",3,33.2999992370605,"não",2
"13","482",4,38.2999992370605,"não",2
"13","483",1,47.9000015258789,"não",2
"13","483",2,52.9000015258789,"não",2
"13","483",3,58.9000015258789,"não",2
"13","483",4,60.9000015258789,"não",2
"13","484",1,90.8000030517578,"sim",2
"13","484",2,95.8000030517578,"sim",2
"13","484",3,100,"sim",2
"13","484",4,100,"sim",2
"13","485",1,32.5,"sim",2
"13","485",2,36.5,"sim",2
"13","485",3,46.5,"sim",2
"13","485",4,49.5,"sim",2
"13","486",1,23.5,"não",2
"13","486",2,31.5,"não",2
"13","486",3,36.5,"não",2
"13","486",4,40.5,"não",2
"13","487",1,33.0999984741211,"não",2
"13","487",2,34.0999984741211,"não",2
"13","487",3,34.0999984741211,"não",2
"13","487",4,41.0999984741211,"não",2
"13","488",1,78.8000030517578,"sim",2
"13","488",2,81.8000030517578,"sim",2
"13","488",3,83.8000030517578,"sim",2
"13","488",4,91.8000030517578,"sim",2
"13","489",1,60.5999984741211,"sim",2
"13","489",2,61.5999984741211,"sim",2
"13","489",3,63.5999984741211,"sim",2
"13","489",4,70.5999984741211,"sim",2
"13","490",1,35.7999992370605,"não",2
"13","490",2,38.7999992370605,"não",2
"13","490",3,40.7999992370605,"não",2
"13","490",4,47.7999992370605,"não",2
"13","491",1,36.7999992370605,"não",2
"13","491",2,46.7999992370605,"não",2
"13","491",3,48.7999992370605,"não",2
"13","491",4,54.7999992370605,"não",2
"13","492",1,70.5,"sim",2
"13","492",2,76.5,"sim",2
"13","492",3,84.5,"sim",2
"13","492",4,87.5,"sim",2
"13","493",1,62.5,"sim",2
"13","493",2,62.5,"sim",2
"13","493",3,63.5,"sim",2
"13","493",4,73.5,"sim",2
"13","494",1,25.3999996185303,"não",2
"13","494",2,35.4000015258789,"não",2
"13","494",3,40.4000015258789,"não",2
"13","494",4,47.4000015258789,"não",2
"13","495",1,24.3999996185303,"não",2
"13","495",2,24.3999996185303,"não",2
"13","495",3,34.4000015258789,"não",2
"13","495",4,40.4000015258789,"não",2
"13","496",1,52,"não",2
"13","496",2,57,"não",2
"13","496",3,62,"não",2
"13","496",4,65,"não",2
"13","497",1,26.2000007629395,"sim",2
"13","497",2,35.2000007629395,"sim",2
"13","497",3,36.2000007629395,"sim",2
"13","497",4,40.2000007629395,"sim",2
"13","498",1,37.7999992370605,"não",2
"13","498",2,43.7999992370605,"não",2
"13","498",3,44.7999992370605,"não",2
"13","498",4,47.7999992370605,"não",2
"13","499",1,57.7999992370605,"não",2
"13","499",2,60.7999992370605,"não",2
"13","499",3,67.8000030517578,"não",2
"13","499",4,69.8000030517578,"não",2
"13","500",1,91.1999969482422,"sim",2
"13","500",2,100,"sim",2
"13","500",3,100,"sim",2
"13","500",4,100,"sim",2
"13","501",1,12.3000001907349,"não",2
"13","501",2,12.3000001907349,"não",2
"13","501",3,21.2999992370605,"não",2
"13","501",4,25.2999992370605,"não",2
"13","502",1,42.9000015258789,"não",2
"13","502",2,43.9000015258789,"não",2
"13","502",3,43.9000015258789,"não",2
"13","502",4,45.9000015258789,"não",2
"13","503",1,23.3999996185303,"não",2
"13","503",2,23.3999996185303,"não",2
"13","503",3,29.3999996185303,"não",2
"13","503",4,31.3999996185303,"não",2
"13","504",1,13.6000003814697,"não",2
"13","504",2,16.6000003814697,"não",2
"13","504",3,25.6000003814697,"não",2
"13","504",4,28.6000003814697,"não",2
"13","505",1,38,"não",2
"13","505",2,42,"não",2
"13","505",3,46,"não",2
"13","505",4,50,"não",2
"13","506",1,30.5,"não",2
"13","506",2,38.5,"não",2
"13","506",3,46.5,"não",2
"13","506",4,49.5,"não",2
"13","507",1,50.5999984741211,"sim",2
"13","507",2,55.5999984741211,"sim",2
"13","507",3,57.5999984741211,"sim",2
"13","507",4,62.5999984741211,"sim",2
"13","508",1,33.9000015258789,"não",2
"13","508",2,43.9000015258789,"não",2
"13","508",3,50.9000015258789,"não",2
"13","508",4,52.9000015258789,"não",2
"13","509",1,19.2999992370605,"não",2
"13","509",2,28.2999992370605,"não",2
"13","509",3,31.2999992370605,"não",2
"13","509",4,37.2999992370605,"não",2
"13","510",1,51.4000015258789,"sim",2
"13","510",2,58.4000015258789,"sim",2
"13","510",3,68.4000015258789,"sim",2
"13","510",4,78.4000015258789,"sim",2
"13","511",1,56.9000015258789,"sim",2
"13","511",2,65.9000015258789,"sim",2
"13","511",3,66.9000015258789,"sim",2
"13","511",4,74.9000015258789,"sim",2
"13","512",1,25.7000007629395,"não",2
"13","512",2,28.7000007629395,"não",2
"13","512",3,36.7000007629395,"não",2
"13","512",4,39.7000007629395,"não",2
"13","513",1,85.9000015258789,"não",2
"13","513",2,86.9000015258789,"não",2
"13","513",3,87.9000015258789,"não",2
"13","513",4,96.9000015258789,"não",2
"13","514",1,57.4000015258789,"não",2
"13","514",2,61.4000015258789,"não",2
"13","514",3,61.4000015258789,"não",2
"13","514",4,69.4000015258789,"não",2
"13","515",1,79.8000030517578,"não",2
"13","515",2,85.8000030517578,"não",2
"13","515",3,94.8000030517578,"não",2
"13","515",4,100,"não",2
"13","516",1,29.1000003814697,"não",2
"13","516",2,38.0999984741211,"não",2
"13","516",3,40.0999984741211,"não",2
"13","516",4,47.0999984741211,"não",2
"13","517",1,42.5,"sim",2
"13","517",2,45.5,"sim",2
"13","517",3,46.5,"sim",2
"13","517",4,55.5,"sim",2
"13","518",1,58.7000007629395,"não",2
"13","518",2,63.7000007629395,"não",2
"13","518",3,65.6999969482422,"não",2
"13","518",4,74.6999969482422,"não",2
"13","519",1,33.2999992370605,"sim",2
"13","519",2,35.2999992370605,"sim",2
"13","519",3,35.2999992370605,"sim",2
"13","519",4,40.2999992370605,"sim",2
"13","520",1,52.5999984741211,"sim",2
"13","520",2,53.5999984741211,"sim",2
"13","520",3,53.5999984741211,"sim",2
"13","520",4,61.5999984741211,"sim",2
"13","521",1,59.9000015258789,"sim",2
"13","521",2,63.9000015258789,"sim",2
"13","521",3,72.9000015258789,"sim",2
"13","521",4,80.9000015258789,"sim",2
"13","522",1,62.7000007629395,"sim",2
"13","522",2,66.6999969482422,"sim",2
"13","522",3,71.6999969482422,"sim",2
"13","522",4,80.6999969482422,"sim",2
"13","523",1,23.2999992370605,"não",2
"13","523",2,29.2999992370605,"não",2
"13","523",3,32.2999992370605,"não",2
"13","523",4,35.2999992370605,"não",2
"13","524",1,30.7999992370605,"não",2
"13","524",2,33.7999992370605,"não",2
"13","524",3,37.7999992370605,"não",2
"13","524",4,43.7999992370605,"não",2
"13","525",1,43.9000015258789,"sim",2
"13","525",2,43.9000015258789,"sim",2
"13","525",3,44.9000015258789,"sim",2
"13","525",4,50.9000015258789,"sim",2
"13","526",1,47.5999984741211,"sim",2
"13","526",2,51.5999984741211,"sim",2
"13","526",3,55.5999984741211,"sim",2
"13","526",4,60.5999984741211,"sim",2
"13","527",1,43,"não",2
"13","527",2,45,"não",2
"13","527",3,47,"não",2
"13","527",4,52,"não",2
"13","528",1,34.7999992370605,"não",2
"13","528",2,42.7999992370605,"não",2
"13","528",3,48.7999992370605,"não",2
"13","528",4,52.7999992370605,"não",2
"13","529",1,36.4000015258789,"sim",2
"13","529",2,46.4000015258789,"sim",2
"13","529",3,49.4000015258789,"sim",2
"13","529",4,58.4000015258789,"sim",2
"13","530",1,51.0999984741211,"sim",2
"13","530",2,54.0999984741211,"sim",2
"13","530",3,63.0999984741211,"sim",2
"13","530",4,73.0999984741211,"sim",2
"14","531",1,40.5999984741211,"sim",2
"14","531",2,40.5999984741211,"sim",2
"14","531",3,50.5999984741211,"sim",2
"14","531",4,52.5999984741211,"sim",2
"14","532",1,58.7000007629395,"sim",2
"14","532",2,67.6999969482422,"sim",2
"14","532",3,73.6999969482422,"sim",2
"14","532",4,75.6999969482422,"sim",2
"14","533",1,44.5,"sim",2
"14","533",2,53.5,"sim",2
"14","533",3,53.5,"sim",2
"14","533",4,59.5,"sim",2
"14","534",1,30.2000007629395,"não",2
"14","534",2,34.2000007629395,"não",2
"14","534",3,36.2000007629395,"não",2
"14","534",4,36.2000007629395,"não",2
"14","535",1,56.7000007629395,"sim",2
"14","535",2,57.7000007629395,"sim",2
"14","535",3,65.6999969482422,"sim",2
"14","535",4,70.6999969482422,"sim",2
"14","536",1,17,"não",2
"14","536",2,26,"não",2
"14","536",3,33,"não",2
"14","536",4,38,"não",2
"14","537",1,38.7000007629395,"não",2
"14","537",2,40.7000007629395,"não",2
"14","537",3,42.7000007629395,"não",2
"14","537",4,50.7000007629395,"não",2
"14","538",1,24.5,"sim",2
"14","538",2,27.5,"sim",2
"14","538",3,36.5,"sim",2
"14","538",4,43.5,"sim",2
"14","539",1,39.4000015258789,"sim",2
"14","539",2,41.4000015258789,"sim",2
"14","539",3,41.4000015258789,"sim",2
"14","539",4,44.4000015258789,"sim",2
"14","540",1,37.7000007629395,"não",2
"14","540",2,42.7000007629395,"não",2
"14","540",3,45.7000007629395,"não",2
"14","540",4,46.7000007629395,"não",2
"14","541",1,10.5,"não",2
"14","541",2,18.5,"não",2
"14","541",3,23.5,"não",2
"14","541",4,31.5,"não",2
"14","542",1,33.5,"sim",2
"14","542",2,36.5,"sim",2
"14","542",3,39.5,"sim",2
"14","542",4,45.5,"sim",2
"14","543",1,32.2999992370605,"não",2
"14","543",2,39.2999992370605,"não",2
"14","543",3,46.2999992370605,"não",2
"14","543",4,53.2999992370605,"não",2
"14","544",1,40.5999984741211,"não",2
"14","544",2,44.5999984741211,"não",2
"14","544",3,53.5999984741211,"não",2
"14","544",4,53.5999984741211,"não",2
"14","545",1,28.8999996185303,"não",2
"14","545",2,28.8999996185303,"não",2
"14","545",3,31.8999996185303,"não",2
"14","545",4,33.9000015258789,"não",2
"14","546",1,100,"sim",2
"14","546",2,100,"sim",2
"14","546",3,100,"sim",2
"14","546",4,100,"sim",2
"14","547",1,78.9000015258789,"sim",2
"14","547",2,81.9000015258789,"sim",2
"14","547",3,82.9000015258789,"sim",2
"14","547",4,89.9000015258789,"sim",2
"14","548",1,70.1999969482422,"não",2
"14","548",2,78.1999969482422,"não",2
"14","548",3,81.1999969482422,"não",2
"14","548",4,83.1999969482422,"não",2
"14","549",1,39,"não",2
"14","549",2,43,"não",2
"14","549",3,45,"não",2
"14","549",4,47,"não",2
"14","550",1,24.8999996185303,"não",2
"14","550",2,32.9000015258789,"não",2
"14","550",3,34.9000015258789,"não",2
"14","550",4,41.9000015258789,"não",2
"14","551",1,35.9000015258789,"não",2
"14","551",2,37.9000015258789,"não",2
"14","551",3,40.9000015258789,"não",2
"14","551",4,49.9000015258789,"não",2
"14","552",1,51.7999992370605,"não",2
"14","552",2,60.7999992370605,"não",2
"14","552",3,65.8000030517578,"não",2
"14","552",4,73.8000030517578,"não",2
"14","553",1,15.1000003814697,"não",2
"14","553",2,15.1000003814697,"não",2
"14","553",3,25.1000003814697,"não",2
"14","553",4,29.1000003814697,"não",2
"14","554",1,60.0999984741211,"não",2
"14","554",2,64.0999984741211,"não",2
"14","554",3,65.0999984741211,"não",2
"14","554",4,75.0999984741211,"não",2
"14","555",1,21.7999992370605,"sim",2
"14","555",2,28.7999992370605,"sim",2
"14","555",3,33.7999992370605,"sim",2
"14","555",4,39.7999992370605,"sim",2
"14","556",1,76.9000015258789,"não",2
"14","556",2,78.9000015258789,"não",2
"14","556",3,83.9000015258789,"não",2
"14","556",4,83.9000015258789,"não",2
"14","557",1,45.4000015258789,"sim",2
"14","557",2,55.4000015258789,"sim",2
"14","557",3,64.4000015258789,"sim",2
"14","557",4,67.4000015258789,"sim",2
"15","558",1,59.9000015258789,"não",9
"15","558",2,65.9000015258789,"não",9
"15","558",3,69.9000015258789,"não",9
"15","558",4,73.9000015258789,"não",9
"15","559",1,77,"não",9
"15","559",2,78,"não",9
"15","559",3,81,"não",9
"15","559",4,88,"não",9
"15","560",1,83.8000030517578,"não",9
"15","560",2,86.8000030517578,"não",9
"15","560",3,86.8000030517578,"não",9
"15","560",4,87.8000030517578,"não",9
"15","561",1,66.5999984741211,"não",9
"15","561",2,69.5999984741211,"não",9
"15","561",3,74.5999984741211,"não",9
"15","561",4,81.5999984741211,"não",9
"15","562",1,47.0999984741211,"não",9
"15","562",2,47.0999984741211,"não",9
"15","562",3,51.0999984741211,"não",9
"15","562",4,54.0999984741211,"não",9
"15","563",1,85.6999969482422,"não",9
"15","563",2,90.6999969482422,"não",9
"15","563",3,90.6999969482422,"não",9
"15","563",4,99.6999969482422,"não",9
"15","564",1,80,"sim",9
"15","564",2,80,"sim",9
"15","564",3,80,"sim",9
"15","564",4,89,"sim",9
"15","565",1,70.4000015258789,"sim",9
"15","565",2,76.4000015258789,"sim",9
"15","565",3,80.4000015258789,"sim",9
"15","565",4,83.4000015258789,"sim",9
"15","566",1,76.1999969482422,"sim",9
"15","566",2,76.1999969482422,"sim",9
"15","566",3,78.1999969482422,"sim",9
"15","566",4,80.1999969482422,"sim",9
"15","567",1,69.0999984741211,"sim",9
"15","567",2,78.0999984741211,"sim",9
"15","567",3,83.0999984741211,"sim",9
"15","567",4,93.0999984741211,"sim",9
"15","568",1,76.0999984741211,"não",9
"15","568",2,80.0999984741211,"não",9
"15","568",3,80.0999984741211,"não",9
"15","568",4,86.0999984741211,"não",9
"15","569",1,32.2999992370605,"não",9
"15","569",2,34.2999992370605,"não",9
"15","569",3,35.2999992370605,"não",9
"15","569",4,40.2999992370605,"não",9
"15","570",1,91.8000030517578,"sim",9
"15","570",2,92.8000030517578,"sim",9
"15","570",3,94.8000030517578,"sim",9
"15","570",4,100,"sim",9
"15","571",1,78.9000015258789,"não",9
"15","571",2,86.9000015258789,"não",9
"15","571",3,93.9000015258789,"não",9
"15","571",4,93.9000015258789,"não",9
"15","572",1,48.5,"não",9
"15","572",2,50.5,"não",9
"15","572",3,50.5,"não",9
"15","572",4,54.5,"não",9
"15","573",1,78.6999969482422,"não",9
"15","573",2,80.6999969482422,"não",9
"15","573",3,85.6999969482422,"não",9
"15","573",4,89.6999969482422,"não",9
"15","574",1,98.5,"sim",9
"15","574",2,100,"sim",9
"15","574",3,100,"sim",9
"15","574",4,100,"sim",9
"15","575",1,31.2000007629395,"sim",9
"15","575",2,33.2000007629395,"sim",9
"15","575",3,42.2000007629395,"sim",9
"15","575",4,45.2000007629395,"sim",9
"15","576",1,68.0999984741211,"sim",9
"15","576",2,72.0999984741211,"sim",9
"15","576",3,73.0999984741211,"sim",9
"15","576",4,77.0999984741211,"sim",9
"15","577",1,95.3000030517578,"sim",9
"15","577",2,100,"sim",9
"15","577",3,100,"sim",9
"15","577",4,100,"sim",9
"15","578",1,92.0999984741211,"sim",9
"15","578",2,95.0999984741211,"sim",9
"15","578",3,95.0999984741211,"sim",9
"15","578",4,100,"sim",9
"15","579",1,51.0999984741211,"sim",9
"15","579",2,52.0999984741211,"sim",9
"15","579",3,53.0999984741211,"sim",9
"15","579",4,61.0999984741211,"sim",9
"15","580",1,60.9000015258789,"não",9
"15","580",2,67.9000015258789,"não",9
"15","580",3,73.9000015258789,"não",9
"15","580",4,77.9000015258789,"não",9
"15","581",1,51.7000007629395,"não",9
"15","581",2,53.7000007629395,"não",9
"15","581",3,55.7000007629395,"não",9
"15","581",4,56.7000007629395,"não",9
"15","582",1,39.4000015258789,"não",9
"15","582",2,41.4000015258789,"não",9
"15","582",3,42.4000015258789,"não",9
"15","582",4,48.4000015258789,"não",9
"15","583",1,90.1999969482422,"sim",9
"15","583",2,98.1999969482422,"sim",9
"15","583",3,100,"sim",9
"15","583",4,100,"sim",9
"15","584",1,71.0999984741211,"não",9
"15","584",2,78.0999984741211,"não",9
"15","584",3,84.0999984741211,"não",9
"15","584",4,90.0999984741211,"não",9
"15","585",1,94.5,"sim",9
"15","585",2,99.5,"sim",9
"15","585",3,100,"sim",9
"15","585",4,100,"sim",9
"15","586",1,63.2999992370605,"sim",9
"15","586",2,63.2999992370605,"sim",9
"15","586",3,73.3000030517578,"sim",9
"15","586",4,75.3000030517578,"sim",9
"15","587",1,97.9000015258789,"sim",9
"15","587",2,99.9000015258789,"sim",9
"15","587",3,100,"sim",9
"15","587",4,100,"sim",9
"15","588",1,71.5,"não",9
"15","588",2,79.5,"não",9
"15","588",3,89.5,"não",9
"15","588",4,89.5,"não",9
"15","589",1,42.7000007629395,"sim",9
"15","589",2,48.7000007629395,"sim",9
"15","589",3,54.7000007629395,"sim",9
"15","589",4,54.7000007629395,"sim",9
"15","590",1,40.5,"não",9
"15","590",2,43.5,"não",9
"15","590",3,52.5,"não",9
"15","590",4,62.5,"não",9
"15","591",1,75.5,"sim",9
"15","591",2,78.5,"sim",9
"15","591",3,87.5,"sim",9
"15","591",4,94.5,"sim",9
"15","592",1,88.5,"não",9
"15","592",2,98.5,"não",9
"15","592",3,100,"não",9
"15","592",4,100,"não",9
"15","593",1,93.0999984741211,"sim",9
"15","593",2,97.0999984741211,"sim",9
"15","593",3,100,"sim",9
"15","593",4,100,"sim",9
"15","594",1,80.5999984741211,"sim",9
"15","594",2,86.5999984741211,"sim",9
"15","594",3,88.5999984741211,"sim",9
"15","594",4,98.5999984741211,"sim",9
"15","595",1,73.1999969482422,"sim",9
"15","595",2,76.1999969482422,"sim",9
"15","595",3,78.1999969482422,"sim",9
"15","595",4,80.1999969482422,"sim",9
"15","596",1,60.0999984741211,"sim",9
"15","596",2,67.0999984741211,"sim",9
"15","596",3,74.0999984741211,"sim",9
"15","596",4,79.0999984741211,"sim",9
"15","597",1,55.5,"não",9
"15","597",2,62.5,"não",9
"15","597",3,68.5,"não",9
"15","597",4,72.5,"não",9
"15","598",1,38.5999984741211,"não",9
"15","598",2,43.5999984741211,"não",9
"15","598",3,49.5999984741211,"não",9
"15","598",4,56.5999984741211,"não",9
"15","599",1,88.5,"não",9
"15","599",2,95.5,"não",9
"15","599",3,95.5,"não",9
"15","599",4,100,"não",9
"15","600",1,53.2000007629395,"sim",9
"15","600",2,59.2000007629395,"sim",9
"15","600",3,66.1999969482422,"sim",9
"15","600",4,71.1999969482422,"sim",9
"15","601",1,53.2999992370605,"não",9
"15","601",2,56.2999992370605,"não",9
"15","601",3,58.2999992370605,"não",9
"15","601",4,59.2999992370605,"não",9
"15","602",1,80.1999969482422,"não",9
"15","602",2,80.1999969482422,"não",9
"15","602",3,87.1999969482422,"não",9
"15","602",4,96.1999969482422,"não",9
"15","603",1,69.8000030517578,"não",9
"15","603",2,77.8000030517578,"não",9
"15","603",3,84.8000030517578,"não",9
"15","603",4,86.8000030517578,"não",9
"15","604",1,24,"sim",9
"15","604",2,25,"sim",9
"15","604",3,31,"sim",9
"15","604",4,31,"sim",9
"15","605",1,95,"sim",9
"15","605",2,99,"sim",9
"15","605",3,100,"sim",9
"15","605",4,100,"sim",9
"15","606",1,47.9000015258789,"não",9
"15","606",2,49.9000015258789,"não",9
"15","606",3,49.9000015258789,"não",9
"15","606",4,50.9000015258789,"não",9
"15","607",1,76.3000030517578,"não",9
"15","607",2,85.3000030517578,"não",9
"15","607",3,86.3000030517578,"não",9
"15","607",4,92.3000030517578,"não",9
"15","608",1,65.1999969482422,"não",9
"15","608",2,68.1999969482422,"não",9
"15","608",3,74.1999969482422,"não",9
"15","608",4,80.1999969482422,"não",9
"15","609",1,77.5,"sim",9
"15","609",2,84.5,"sim",9
"15","609",3,94.5,"sim",9
"15","609",4,100,"sim",9
"15","610",1,87.5999984741211,"sim",9
"15","610",2,92.5999984741211,"sim",9
"15","610",3,94.5999984741211,"sim",9
"15","610",4,100,"sim",9
